video_name,frame_number,timestamp,file_directory
video_08-00-06.mp4,1,08-00-06,c:\Users\THANH CONG\Documents\fixed_segmentation\19-03-2026\frame-1_08-00-06.jpg
video_08-15-07.mp4,2,08-15-07,c:\Users\THANH CONG\Documents\fixed_segmentation\19-03-2026\frame-2_08-15-07.jpg
video_08-30-07.mp4,3,08-30-07,c:\Users\THANH CONG\Documents\fixed_segmentation\19-03-2026\frame-3_08-30-07.jpg
video_08-45-07.mp4,4,08-45-07,c:\Users\THANH CONG\Documents\fixed_segmentation\19-03-2026\frame-4_08-45-07.jpg
video_09-00-07.mp4,5,09-00-07,c:\Users\THANH CONG\Documents\fixed_segmentation\19-03-2026\frame-5_09-00-07.jpg
video_09-15-07.mp4,6,09-15-07,c:\Users\THANH CONG\Documents\fixed_segmentation\19-03-2026\frame-6_09-15-07.jpg
video_09-30-07.mp4,7,09-30-07,c:\Users\THANH CONG\Documents\fixed_segmentation\19-03-2026\frame-7_09-30-07.jpg
video_09-45-07.mp4,8,09-45-07,c:\Users\THANH CONG\Documents\fixed_segmentation\19-03-2026\frame-8_09-45-07.jpg
video_10-00-08.mp4,9,10-00-08,c:\Users\THANH CONG\Documents\fixed_segmentation\19-03-2026\frame-9_10-00-08.jpg
video_10-15-08.mp4,10,10-15-08,c:\Users\THANH CONG\Documents\fixed_segmentation\19-03-2026\frame-10_10-15-08.jpg
video_10-30-08.mp4,11,10-30-08,c:\Users\THANH CONG\Documents\fixed_segmentation\19-03-2026\frame-11_10-30-08.jpg
video_10-45-08.mp4,12,10-45-08,c:\Users\THANH CONG\Documents\fixed_segmentation\19-03-2026\frame-12_10-45-08.jpg
video_11-00-08.mp4,13,11-00-08,c:\Users\THANH CONG\Documents\fixed_segmentation\19-03-2026\frame-13_11-00-08.jpg
video_11-15-08.mp4,14,11-15-08,c:\Users\THANH CONG\Documents\fixed_segmentation\19-03-2026\frame-14_11-15-08.jpg
video_11-30-08.mp4,15,11-30-08,c:\Users\THANH CONG\Documents\fixed_segmentation\19-03-2026\frame-15_11-30-08.jpg
video_11-45-08.mp4,16,11-45-08,c:\Users\THANH CONG\Documents\fixed_segmentation\19-03-2026\frame-16_11-45-08.jpg
video_12-00-08.mp4,17,12-00-08,c:\Users\THANH CONG\Documents\fixed_segmentation\19-03-2026\frame-17_12-00-08.jpg
video_12-15-09.mp4,18,12-15-09,c:\Users\THANH CONG\Documents\fixed_segmentation\19-03-2026\frame-18_12-15-09.jpg
video_12-30-09.mp4,19,12-30-09,c:\Users\THANH CONG\Documents\fixed_segmentation\19-03-2026\frame-19_12-30-09.jpg
video_12-45-09.mp4,20,12-45-09,c:\Users\THANH CONG\Documents\fixed_segmentation\19-03-2026\frame-20_12-45-09.jpg
video_13-00-09.mp4,21,13-00-09,c:\Users\THANH CONG\Documents\fixed_segmentation\19-03-2026\frame-21_13-00-09.jpg
video_13-15-09.mp4,22,13-15-09,c:\Users\THANH CONG\Documents\fixed_segmentation\19-03-2026\frame-22_13-15-09.jpg
video_13-30-09.mp4,23,13-30-09,c:\Users\THANH CONG\Documents\fixed_segmentation\19-03-2026\frame-23_13-30-09.jpg
video_13-45-09.mp4,24,13-45-09,c:\Users\THANH CONG\Documents\fixed_segmentation\19-03-2026\frame-24_13-45-09.jpg
video_14-00-09.mp4,25,14-00-09,c:\Users\THANH CONG\Documents\fixed_segmentation\19-03-2026\frame-25_14-00-09.jpg
video_14-15-10.mp4,26,14-15-10,c:\Users\THANH CONG\Documents\fixed_segmentation\19-03-2026\frame-26_14-15-10.jpg
video_14-30-10.mp4,27,14-30-10,c:\Users\THANH CONG\Documents\fixed_segmentation\19-03-2026\frame-27_14-30-10.jpg
video_14-45-10.mp4,28,14-45-10,c:\Users\THANH CONG\Documents\fixed_segmentation\19-03-2026\frame-28_14-45-10.jpg
video_15-00-10.mp4,29,15-00-10,c:\Users\THANH CONG\Documents\fixed_segmentation\19-03-2026\frame-29_15-00-10.jpg
video_15-15-10.mp4,30,15-15-10,c:\Users\THANH CONG\Documents\fixed_segmentation\19-03-2026\frame-30_15-15-10.jpg
video_15-30-10.mp4,31,15-30-10,c:\Users\THANH CONG\Documents\fixed_segmentation\19-03-2026\frame-31_15-30-10.jpg
video_15-45-10.mp4,32,15-45-10,c:\Users\THANH CONG\Documents\fixed_segmentation\19-03-2026\frame-32_15-45-10.jpg
video_16-00-11.mp4,33,16-00-11,c:\Users\THANH CONG\Documents\fixed_segmentation\19-03-2026\frame-33_16-00-11.jpg
video_16-15-11.mp4,34,16-15-11,c:\Users\THANH CONG\Documents\fixed_segmentation\19-03-2026\frame-34_16-15-11.jpg
video_16-30-11.mp4,35,16-30-11,c:\Users\THANH CONG\Documents\fixed_segmentation\19-03-2026\frame-35_16-30-11.jpg
video_16-45-11.mp4,36,16-45-11,c:\Users\THANH CONG\Documents\fixed_segmentation\19-03-2026\frame-36_16-45-11.jpg
video_17-00-11.mp4,37,17-00-11,c:\Users\THANH CONG\Documents\fixed_segmentation\19-03-2026\frame-37_17-00-11.jpg
video_17-15-11.mp4,38,17-15-11,c:\Users\THANH CONG\Documents\fixed_segmentation\19-03-2026\frame-38_17-15-11.jpg
video_17-30-11.mp4,39,17-30-11,c:\Users\THANH CONG\Documents\fixed_segmentation\19-03-2026\frame-39_17-30-11.jpg
video_17-45-11.mp4,40,17-45-11,c:\Users\THANH CONG\Documents\fixed_segmentation\19-03-2026\frame-40_17-45-11.jpg
video_18-00-11.mp4,41,18-00-11,c:\Users\THANH CONG\Documents\fixed_segmentation\19-03-2026\frame-41_18-00-11.jpg
video_18-15-11.mp4,42,18-15-11,c:\Users\THANH CONG\Documents\fixed_segmentation\19-03-2026\frame-42_18-15-11.jpg
video_18-30-11.mp4,43,18-30-11,c:\Users\THANH CONG\Documents\fixed_segmentation\19-03-2026\frame-43_18-30-11.jpg
video_18-45-12.mp4,44,18-45-12,c:\Users\THANH CONG\Documents\fixed_segmentation\19-03-2026\frame-44_18-45-12.jpg
video_19-00-12.mp4,45,19-00-12,c:\Users\THANH CONG\Documents\fixed_segmentation\19-03-2026\frame-45_19-00-12.jpg
video_19-15-12.mp4,46,19-15-12,c:\Users\THANH CONG\Documents\fixed_segmentation\19-03-2026\frame-46_19-15-12.jpg
video_19-30-12.mp4,47,19-30-12,c:\Users\THANH CONG\Documents\fixed_segmentation\19-03-2026\frame-47_19-30-12.jpg
