frame_path,compare_path,motion_ratio,changed_pixels,mean_delta,largest_motion_component_ratio,motion_detected,regenerate_mask,reason,mask_path,mask_valid,mask_alpha_ratio,mask_fruit_color_ratio,mask_border_touch_ratio,mask_largest_component_ratio,mask_motion_overlap_ratio,mask_reason
C:\fluttersrc\Strawberry-RUL-prediction\sample_data\raw_data\18-03-2026\cropped\frame-1_12-26-28.jpg,,0.000000,0,0.000,0.000000,False,True,first_frame_needs_initial_mask,C:\fluttersrc\Strawberry-RUL-prediction\sample_data\processed\segmented_18-03-2026\frame-1_12-26-28_strawberry_1.png,True,0.417777,1.000000,0.000000,0.417777,,ok
C:\fluttersrc\Strawberry-RUL-prediction\sample_data\raw_data\18-03-2026\cropped\frame-1_12-26-28.jpg,,0.000000,0,0.000,0.000000,False,True,first_frame_needs_initial_mask,C:\fluttersrc\Strawberry-RUL-prediction\sample_data\processed\segmented_18-03-2026\frame-1_12-26-28_strawberry_2.png,True,0.369507,1.000000,0.000000,0.369507,,ok
C:\fluttersrc\Strawberry-RUL-prediction\sample_data\raw_data\18-03-2026\cropped\frame-1_12-26-28.jpg,,0.000000,0,0.000,0.000000,False,True,first_frame_needs_initial_mask,C:\fluttersrc\Strawberry-RUL-prediction\sample_data\processed\segmented_18-03-2026\frame-1_12-26-28_strawberry_3.png,True,0.359050,1.000000,0.000000,0.359050,,ok
C:\fluttersrc\Strawberry-RUL-prediction\sample_data\raw_data\18-03-2026\cropped\frame-1_12-26-28.jpg,,0.000000,0,0.000,0.000000,False,True,first_frame_needs_initial_mask,C:\fluttersrc\Strawberry-RUL-prediction\sample_data\processed\segmented_18-03-2026\frame-1_12-26-28_strawberry_4.png,True,0.331578,1.000000,0.000000,0.331578,,ok
C:\fluttersrc\Strawberry-RUL-prediction\sample_data\raw_data\18-03-2026\cropped\frame-1_12-26-28.jpg,,0.000000,0,0.000,0.000000,False,True,first_frame_needs_initial_mask,C:\fluttersrc\Strawberry-RUL-prediction\sample_data\processed\segmented_18-03-2026\frame-1_12-26-28_strawberry_5.png,True,0.362657,1.000000,0.000000,0.362657,,ok
C:\fluttersrc\Strawberry-RUL-prediction\sample_data\raw_data\18-03-2026\cropped\frame-1_12-26-28.jpg,,0.000000,0,0.000,0.000000,False,True,first_frame_needs_initial_mask,C:\fluttersrc\Strawberry-RUL-prediction\sample_data\processed\segmented_18-03-2026\frame-1_12-26-28_strawberry_6.png,True,0.396167,1.000000,0.000000,0.396167,,ok
C:\fluttersrc\Strawberry-RUL-prediction\sample_data\raw_data\18-03-2026\cropped\frame-2_12-41-28.jpg,C:\fluttersrc\Strawberry-RUL-prediction\sample_data\raw_data\18-03-2026\cropped\frame-1_12-26-28.jpg,0.000000,0,3.119,0.000000,False,False,stable,C:\fluttersrc\Strawberry-RUL-prediction\sample_data\processed\segmented_18-03-2026\frame-2_12-41-28_strawberry_1.png,True,0.414353,1.000000,0.000000,0.414353,,ok
C:\fluttersrc\Strawberry-RUL-prediction\sample_data\raw_data\18-03-2026\cropped\frame-2_12-41-28.jpg,C:\fluttersrc\Strawberry-RUL-prediction\sample_data\raw_data\18-03-2026\cropped\frame-1_12-26-28.jpg,0.000000,0,3.119,0.000000,False,False,stable,C:\fluttersrc\Strawberry-RUL-prediction\sample_data\processed\segmented_18-03-2026\frame-2_12-41-28_strawberry_2.png,True,0.351054,1.000000,0.000000,0.351054,,ok
C:\fluttersrc\Strawberry-RUL-prediction\sample_data\raw_data\18-03-2026\cropped\frame-2_12-41-28.jpg,C:\fluttersrc\Strawberry-RUL-prediction\sample_data\raw_data\18-03-2026\cropped\frame-1_12-26-28.jpg,0.000000,0,3.119,0.000000,False,False,stable,C:\fluttersrc\Strawberry-RUL-prediction\sample_data\processed\segmented_18-03-2026\frame-2_12-41-28_strawberry_3.png,True,0.361357,1.000000,0.000000,0.361357,,ok
C:\fluttersrc\Strawberry-RUL-prediction\sample_data\raw_data\18-03-2026\cropped\frame-2_12-41-28.jpg,C:\fluttersrc\Strawberry-RUL-prediction\sample_data\raw_data\18-03-2026\cropped\frame-1_12-26-28.jpg,0.000000,0,3.119,0.000000,False,False,stable,C:\fluttersrc\Strawberry-RUL-prediction\sample_data\processed\segmented_18-03-2026\frame-2_12-41-28_strawberry_4.png,True,0.342999,1.000000,0.000000,0.342999,,ok
C:\fluttersrc\Strawberry-RUL-prediction\sample_data\raw_data\18-03-2026\cropped\frame-2_12-41-28.jpg,C:\fluttersrc\Strawberry-RUL-prediction\sample_data\raw_data\18-03-2026\cropped\frame-1_12-26-28.jpg,0.000000,0,3.119,0.000000,False,False,stable,C:\fluttersrc\Strawberry-RUL-prediction\sample_data\processed\segmented_18-03-2026\frame-2_12-41-28_strawberry_5.png,True,0.373265,1.000000,0.000000,0.373265,,ok
C:\fluttersrc\Strawberry-RUL-prediction\sample_data\raw_data\18-03-2026\cropped\frame-2_12-41-28.jpg,C:\fluttersrc\Strawberry-RUL-prediction\sample_data\raw_data\18-03-2026\cropped\frame-1_12-26-28.jpg,0.000000,0,3.119,0.000000,False,False,stable,C:\fluttersrc\Strawberry-RUL-prediction\sample_data\processed\segmented_18-03-2026\frame-2_12-41-28_strawberry_6.png,True,0.400775,1.000000,0.000000,0.400775,,ok
C:\fluttersrc\Strawberry-RUL-prediction\sample_data\raw_data\18-03-2026\cropped\frame-3_12-56-28.jpg,C:\fluttersrc\Strawberry-RUL-prediction\sample_data\raw_data\18-03-2026\cropped\frame-2_12-41-28.jpg,0.060567,28945,8.029,0.009925,True,True,motion_detected,C:\fluttersrc\Strawberry-RUL-prediction\sample_data\processed\segmented_18-03-2026\frame-3_12-56-28_strawberry_1.png,True,0.410146,1.000000,0.000000,0.410146,,ok
C:\fluttersrc\Strawberry-RUL-prediction\sample_data\raw_data\18-03-2026\cropped\frame-3_12-56-28.jpg,C:\fluttersrc\Strawberry-RUL-prediction\sample_data\raw_data\18-03-2026\cropped\frame-2_12-41-28.jpg,0.060567,28945,8.029,0.009925,True,True,motion_detected,C:\fluttersrc\Strawberry-RUL-prediction\sample_data\processed\segmented_18-03-2026\frame-3_12-56-28_strawberry_2.png,True,0.352499,1.000000,0.000000,0.352499,,ok
C:\fluttersrc\Strawberry-RUL-prediction\sample_data\raw_data\18-03-2026\cropped\frame-3_12-56-28.jpg,C:\fluttersrc\Strawberry-RUL-prediction\sample_data\raw_data\18-03-2026\cropped\frame-2_12-41-28.jpg,0.060567,28945,8.029,0.009925,True,True,motion_detected,C:\fluttersrc\Strawberry-RUL-prediction\sample_data\processed\segmented_18-03-2026\frame-3_12-56-28_strawberry_3.png,True,0.369153,1.000000,0.000000,0.369153,,ok
C:\fluttersrc\Strawberry-RUL-prediction\sample_data\raw_data\18-03-2026\cropped\frame-3_12-56-28.jpg,C:\fluttersrc\Strawberry-RUL-prediction\sample_data\raw_data\18-03-2026\cropped\frame-2_12-41-28.jpg,0.060567,28945,8.029,0.009925,True,True,motion_detected,C:\fluttersrc\Strawberry-RUL-prediction\sample_data\processed\segmented_18-03-2026\frame-3_12-56-28_strawberry_4.png,True,0.373583,1.000000,0.000000,0.373583,,ok
C:\fluttersrc\Strawberry-RUL-prediction\sample_data\raw_data\18-03-2026\cropped\frame-3_12-56-28.jpg,C:\fluttersrc\Strawberry-RUL-prediction\sample_data\raw_data\18-03-2026\cropped\frame-2_12-41-28.jpg,0.060567,28945,8.029,0.009925,True,True,motion_detected,C:\fluttersrc\Strawberry-RUL-prediction\sample_data\processed\segmented_18-03-2026\frame-3_12-56-28_strawberry_5.png,True,0.318247,1.000000,0.000000,0.318247,,ok
C:\fluttersrc\Strawberry-RUL-prediction\sample_data\raw_data\18-03-2026\cropped\frame-3_12-56-28.jpg,C:\fluttersrc\Strawberry-RUL-prediction\sample_data\raw_data\18-03-2026\cropped\frame-2_12-41-28.jpg,0.060567,28945,8.029,0.009925,True,True,motion_detected,C:\fluttersrc\Strawberry-RUL-prediction\sample_data\processed\segmented_18-03-2026\frame-3_12-56-28_strawberry_6.png,True,0.402652,1.000000,0.000000,0.402652,,ok
C:\fluttersrc\Strawberry-RUL-prediction\sample_data\raw_data\18-03-2026\cropped\frame-4_13-11-28.jpg,C:\fluttersrc\Strawberry-RUL-prediction\sample_data\raw_data\18-03-2026\cropped\frame-3_12-56-28.jpg,0.000000,0,3.612,0.000000,False,False,stable,C:\fluttersrc\Strawberry-RUL-prediction\sample_data\processed\segmented_18-03-2026\frame-4_13-11-28_strawberry_1.png,True,0.418636,1.000000,0.000000,0.418636,,ok
C:\fluttersrc\Strawberry-RUL-prediction\sample_data\raw_data\18-03-2026\cropped\frame-4_13-11-28.jpg,C:\fluttersrc\Strawberry-RUL-prediction\sample_data\raw_data\18-03-2026\cropped\frame-3_12-56-28.jpg,0.000000,0,3.612,0.000000,False,False,stable,C:\fluttersrc\Strawberry-RUL-prediction\sample_data\processed\segmented_18-03-2026\frame-4_13-11-28_strawberry_2.png,True,0.351504,1.000000,0.000000,0.351504,,ok
C:\fluttersrc\Strawberry-RUL-prediction\sample_data\raw_data\18-03-2026\cropped\frame-4_13-11-28.jpg,C:\fluttersrc\Strawberry-RUL-prediction\sample_data\raw_data\18-03-2026\cropped\frame-3_12-56-28.jpg,0.000000,0,3.612,0.000000,False,False,stable,C:\fluttersrc\Strawberry-RUL-prediction\sample_data\processed\segmented_18-03-2026\frame-4_13-11-28_strawberry_3.png,True,0.349828,1.000000,0.000000,0.349828,,ok
C:\fluttersrc\Strawberry-RUL-prediction\sample_data\raw_data\18-03-2026\cropped\frame-4_13-11-28.jpg,C:\fluttersrc\Strawberry-RUL-prediction\sample_data\raw_data\18-03-2026\cropped\frame-3_12-56-28.jpg,0.000000,0,3.612,0.000000,False,False,stable,C:\fluttersrc\Strawberry-RUL-prediction\sample_data\processed\segmented_18-03-2026\frame-4_13-11-28_strawberry_4.png,True,0.369880,1.000000,0.000000,0.369880,,ok
C:\fluttersrc\Strawberry-RUL-prediction\sample_data\raw_data\18-03-2026\cropped\frame-4_13-11-28.jpg,C:\fluttersrc\Strawberry-RUL-prediction\sample_data\raw_data\18-03-2026\cropped\frame-3_12-56-28.jpg,0.000000,0,3.612,0.000000,False,False,stable,C:\fluttersrc\Strawberry-RUL-prediction\sample_data\processed\segmented_18-03-2026\frame-4_13-11-28_strawberry_5.png,True,0.330984,1.000000,0.000000,0.330984,,ok
C:\fluttersrc\Strawberry-RUL-prediction\sample_data\raw_data\18-03-2026\cropped\frame-4_13-11-28.jpg,C:\fluttersrc\Strawberry-RUL-prediction\sample_data\raw_data\18-03-2026\cropped\frame-3_12-56-28.jpg,0.000000,0,3.612,0.000000,False,False,stable,C:\fluttersrc\Strawberry-RUL-prediction\sample_data\processed\segmented_18-03-2026\frame-4_13-11-28_strawberry_6.png,True,0.395208,1.000000,0.000000,0.395208,,ok
C:\fluttersrc\Strawberry-RUL-prediction\sample_data\raw_data\18-03-2026\cropped\frame-5_13-26-28.jpg,C:\fluttersrc\Strawberry-RUL-prediction\sample_data\raw_data\18-03-2026\cropped\frame-4_13-11-28.jpg,0.000000,0,2.252,0.000000,False,False,stable,C:\fluttersrc\Strawberry-RUL-prediction\sample_data\processed\segmented_18-03-2026\frame-5_13-26-28_strawberry_1.png,True,0.420731,1.000000,0.000000,0.420731,,ok
C:\fluttersrc\Strawberry-RUL-prediction\sample_data\raw_data\18-03-2026\cropped\frame-5_13-26-28.jpg,C:\fluttersrc\Strawberry-RUL-prediction\sample_data\raw_data\18-03-2026\cropped\frame-4_13-11-28.jpg,0.000000,0,2.252,0.000000,False,False,stable,C:\fluttersrc\Strawberry-RUL-prediction\sample_data\processed\segmented_18-03-2026\frame-5_13-26-28_strawberry_2.png,True,0.362480,1.000000,0.000000,0.362480,,ok
C:\fluttersrc\Strawberry-RUL-prediction\sample_data\raw_data\18-03-2026\cropped\frame-5_13-26-28.jpg,C:\fluttersrc\Strawberry-RUL-prediction\sample_data\raw_data\18-03-2026\cropped\frame-4_13-11-28.jpg,0.000000,0,2.252,0.000000,False,False,stable,C:\fluttersrc\Strawberry-RUL-prediction\sample_data\processed\segmented_18-03-2026\frame-5_13-26-28_strawberry_3.png,True,0.355789,1.000000,0.000000,0.355789,,ok
C:\fluttersrc\Strawberry-RUL-prediction\sample_data\raw_data\18-03-2026\cropped\frame-5_13-26-28.jpg,C:\fluttersrc\Strawberry-RUL-prediction\sample_data\raw_data\18-03-2026\cropped\frame-4_13-11-28.jpg,0.000000,0,2.252,0.000000,False,False,stable,C:\fluttersrc\Strawberry-RUL-prediction\sample_data\processed\segmented_18-03-2026\frame-5_13-26-28_strawberry_4.png,True,0.363639,1.000000,0.000000,0.363639,,ok
C:\fluttersrc\Strawberry-RUL-prediction\sample_data\raw_data\18-03-2026\cropped\frame-5_13-26-28.jpg,C:\fluttersrc\Strawberry-RUL-prediction\sample_data\raw_data\18-03-2026\cropped\frame-4_13-11-28.jpg,0.000000,0,2.252,0.000000,False,False,stable,C:\fluttersrc\Strawberry-RUL-prediction\sample_data\processed\segmented_18-03-2026\frame-5_13-26-28_strawberry_5.png,True,0.339559,1.000000,0.000000,0.339559,,ok
C:\fluttersrc\Strawberry-RUL-prediction\sample_data\raw_data\18-03-2026\cropped\frame-5_13-26-28.jpg,C:\fluttersrc\Strawberry-RUL-prediction\sample_data\raw_data\18-03-2026\cropped\frame-4_13-11-28.jpg,0.000000,0,2.252,0.000000,False,False,stable,C:\fluttersrc\Strawberry-RUL-prediction\sample_data\processed\segmented_18-03-2026\frame-5_13-26-28_strawberry_6.png,True,0.397582,1.000000,0.000000,0.397582,,ok
C:\fluttersrc\Strawberry-RUL-prediction\sample_data\raw_data\18-03-2026\cropped\frame-6_13-41-28.jpg,C:\fluttersrc\Strawberry-RUL-prediction\sample_data\raw_data\18-03-2026\cropped\frame-5_13-26-28.jpg,0.000835,399,10.094,0.000318,False,False,stable,C:\fluttersrc\Strawberry-RUL-prediction\sample_data\processed\segmented_18-03-2026\frame-6_13-41-28_strawberry_1.png,True,0.419826,1.000000,0.000000,0.419826,,ok
C:\fluttersrc\Strawberry-RUL-prediction\sample_data\raw_data\18-03-2026\cropped\frame-6_13-41-28.jpg,C:\fluttersrc\Strawberry-RUL-prediction\sample_data\raw_data\18-03-2026\cropped\frame-5_13-26-28.jpg,0.000835,399,10.094,0.000318,False,False,stable,C:\fluttersrc\Strawberry-RUL-prediction\sample_data\processed\segmented_18-03-2026\frame-6_13-41-28_strawberry_2.png,True,0.363177,1.000000,0.000000,0.363177,,ok
C:\fluttersrc\Strawberry-RUL-prediction\sample_data\raw_data\18-03-2026\cropped\frame-6_13-41-28.jpg,C:\fluttersrc\Strawberry-RUL-prediction\sample_data\raw_data\18-03-2026\cropped\frame-5_13-26-28.jpg,0.000835,399,10.094,0.000318,False,False,stable,C:\fluttersrc\Strawberry-RUL-prediction\sample_data\processed\segmented_18-03-2026\frame-6_13-41-28_strawberry_3.png,True,0.347326,1.000000,0.000000,0.347326,,ok
C:\fluttersrc\Strawberry-RUL-prediction\sample_data\raw_data\18-03-2026\cropped\frame-6_13-41-28.jpg,C:\fluttersrc\Strawberry-RUL-prediction\sample_data\raw_data\18-03-2026\cropped\frame-5_13-26-28.jpg,0.000835,399,10.094,0.000318,False,False,stable,C:\fluttersrc\Strawberry-RUL-prediction\sample_data\processed\segmented_18-03-2026\frame-6_13-41-28_strawberry_4.png,True,0.351742,1.000000,0.000000,0.351742,,ok
C:\fluttersrc\Strawberry-RUL-prediction\sample_data\raw_data\18-03-2026\cropped\frame-6_13-41-28.jpg,C:\fluttersrc\Strawberry-RUL-prediction\sample_data\raw_data\18-03-2026\cropped\frame-5_13-26-28.jpg,0.000835,399,10.094,0.000318,False,False,stable,C:\fluttersrc\Strawberry-RUL-prediction\sample_data\processed\segmented_18-03-2026\frame-6_13-41-28_strawberry_5.png,True,0.326946,1.000000,0.000000,0.326946,,ok
C:\fluttersrc\Strawberry-RUL-prediction\sample_data\raw_data\18-03-2026\cropped\frame-6_13-41-28.jpg,C:\fluttersrc\Strawberry-RUL-prediction\sample_data\raw_data\18-03-2026\cropped\frame-5_13-26-28.jpg,0.000835,399,10.094,0.000318,False,False,stable,C:\fluttersrc\Strawberry-RUL-prediction\sample_data\processed\segmented_18-03-2026\frame-6_13-41-28_strawberry_6.png,True,0.412015,1.000000,0.000000,0.412015,,ok
C:\fluttersrc\Strawberry-RUL-prediction\sample_data\raw_data\18-03-2026\cropped\frame-7_13-56-28.jpg,C:\fluttersrc\Strawberry-RUL-prediction\sample_data\raw_data\18-03-2026\cropped\frame-6_13-41-28.jpg,0.000000,0,3.356,0.000000,False,False,stable,C:\fluttersrc\Strawberry-RUL-prediction\sample_data\processed\segmented_18-03-2026\frame-7_13-56-28_strawberry_1.png,True,0.407650,1.000000,0.000000,0.407650,,ok
C:\fluttersrc\Strawberry-RUL-prediction\sample_data\raw_data\18-03-2026\cropped\frame-7_13-56-28.jpg,C:\fluttersrc\Strawberry-RUL-prediction\sample_data\raw_data\18-03-2026\cropped\frame-6_13-41-28.jpg,0.000000,0,3.356,0.000000,False,False,stable,C:\fluttersrc\Strawberry-RUL-prediction\sample_data\processed\segmented_18-03-2026\frame-7_13-56-28_strawberry_2.png,True,0.368114,1.000000,0.000000,0.368114,,ok
C:\fluttersrc\Strawberry-RUL-prediction\sample_data\raw_data\18-03-2026\cropped\frame-7_13-56-28.jpg,C:\fluttersrc\Strawberry-RUL-prediction\sample_data\raw_data\18-03-2026\cropped\frame-6_13-41-28.jpg,0.000000,0,3.356,0.000000,False,False,stable,C:\fluttersrc\Strawberry-RUL-prediction\sample_data\processed\segmented_18-03-2026\frame-7_13-56-28_strawberry_3.png,True,0.353720,1.000000,0.000000,0.353720,,ok
C:\fluttersrc\Strawberry-RUL-prediction\sample_data\raw_data\18-03-2026\cropped\frame-7_13-56-28.jpg,C:\fluttersrc\Strawberry-RUL-prediction\sample_data\raw_data\18-03-2026\cropped\frame-6_13-41-28.jpg,0.000000,0,3.356,0.000000,False,False,stable,C:\fluttersrc\Strawberry-RUL-prediction\sample_data\processed\segmented_18-03-2026\frame-7_13-56-28_strawberry_4.png,True,0.365106,1.000000,0.000000,0.365106,,ok
C:\fluttersrc\Strawberry-RUL-prediction\sample_data\raw_data\18-03-2026\cropped\frame-7_13-56-28.jpg,C:\fluttersrc\Strawberry-RUL-prediction\sample_data\raw_data\18-03-2026\cropped\frame-6_13-41-28.jpg,0.000000,0,3.356,0.000000,False,False,stable,C:\fluttersrc\Strawberry-RUL-prediction\sample_data\processed\segmented_18-03-2026\frame-7_13-56-28_strawberry_5.png,True,0.333948,1.000000,0.000000,0.333948,,ok
C:\fluttersrc\Strawberry-RUL-prediction\sample_data\raw_data\18-03-2026\cropped\frame-7_13-56-28.jpg,C:\fluttersrc\Strawberry-RUL-prediction\sample_data\raw_data\18-03-2026\cropped\frame-6_13-41-28.jpg,0.000000,0,3.356,0.000000,False,False,stable,C:\fluttersrc\Strawberry-RUL-prediction\sample_data\processed\segmented_18-03-2026\frame-7_13-56-28_strawberry_6.png,True,0.404435,1.000000,0.000000,0.404435,,ok
C:\fluttersrc\Strawberry-RUL-prediction\sample_data\raw_data\18-03-2026\cropped\frame-8_14-11-29.jpg,C:\fluttersrc\Strawberry-RUL-prediction\sample_data\raw_data\18-03-2026\cropped\frame-7_13-56-28.jpg,0.006393,3055,12.932,0.001588,False,False,stable,C:\fluttersrc\Strawberry-RUL-prediction\sample_data\processed\segmented_18-03-2026\frame-8_14-11-29_strawberry_1.png,True,0.419445,1.000000,0.000000,0.419445,,ok
C:\fluttersrc\Strawberry-RUL-prediction\sample_data\raw_data\18-03-2026\cropped\frame-8_14-11-29.jpg,C:\fluttersrc\Strawberry-RUL-prediction\sample_data\raw_data\18-03-2026\cropped\frame-7_13-56-28.jpg,0.006393,3055,12.932,0.001588,False,False,stable,C:\fluttersrc\Strawberry-RUL-prediction\sample_data\processed\segmented_18-03-2026\frame-8_14-11-29_strawberry_2.png,True,0.359550,1.000000,0.000000,0.359550,,ok
C:\fluttersrc\Strawberry-RUL-prediction\sample_data\raw_data\18-03-2026\cropped\frame-8_14-11-29.jpg,C:\fluttersrc\Strawberry-RUL-prediction\sample_data\raw_data\18-03-2026\cropped\frame-7_13-56-28.jpg,0.006393,3055,12.932,0.001588,False,False,stable,C:\fluttersrc\Strawberry-RUL-prediction\sample_data\processed\segmented_18-03-2026\frame-8_14-11-29_strawberry_3.png,True,0.352352,1.000000,0.000000,0.352352,,ok
C:\fluttersrc\Strawberry-RUL-prediction\sample_data\raw_data\18-03-2026\cropped\frame-8_14-11-29.jpg,C:\fluttersrc\Strawberry-RUL-prediction\sample_data\raw_data\18-03-2026\cropped\frame-7_13-56-28.jpg,0.006393,3055,12.932,0.001588,False,False,stable,C:\fluttersrc\Strawberry-RUL-prediction\sample_data\processed\segmented_18-03-2026\frame-8_14-11-29_strawberry_4.png,True,0.373648,1.000000,0.000000,0.373648,,ok
C:\fluttersrc\Strawberry-RUL-prediction\sample_data\raw_data\18-03-2026\cropped\frame-8_14-11-29.jpg,C:\fluttersrc\Strawberry-RUL-prediction\sample_data\raw_data\18-03-2026\cropped\frame-7_13-56-28.jpg,0.006393,3055,12.932,0.001588,False,False,stable,C:\fluttersrc\Strawberry-RUL-prediction\sample_data\processed\segmented_18-03-2026\frame-8_14-11-29_strawberry_5.png,True,0.341574,1.000000,0.000000,0.341574,,ok
C:\fluttersrc\Strawberry-RUL-prediction\sample_data\raw_data\18-03-2026\cropped\frame-8_14-11-29.jpg,C:\fluttersrc\Strawberry-RUL-prediction\sample_data\raw_data\18-03-2026\cropped\frame-7_13-56-28.jpg,0.006393,3055,12.932,0.001588,False,False,stable,C:\fluttersrc\Strawberry-RUL-prediction\sample_data\processed\segmented_18-03-2026\frame-8_14-11-29_strawberry_6.png,True,0.405127,1.000000,0.000000,0.405127,,ok
C:\fluttersrc\Strawberry-RUL-prediction\sample_data\raw_data\18-03-2026\cropped\frame-9_14-26-29.jpg,C:\fluttersrc\Strawberry-RUL-prediction\sample_data\raw_data\18-03-2026\cropped\frame-8_14-11-29.jpg,0.000000,0,2.441,0.000000,False,False,stable,C:\fluttersrc\Strawberry-RUL-prediction\sample_data\processed\segmented_18-03-2026\frame-9_14-26-29_strawberry_1.png,True,0.416146,1.000000,0.000000,0.416146,,ok
C:\fluttersrc\Strawberry-RUL-prediction\sample_data\raw_data\18-03-2026\cropped\frame-9_14-26-29.jpg,C:\fluttersrc\Strawberry-RUL-prediction\sample_data\raw_data\18-03-2026\cropped\frame-8_14-11-29.jpg,0.000000,0,2.441,0.000000,False,False,stable,C:\fluttersrc\Strawberry-RUL-prediction\sample_data\processed\segmented_18-03-2026\frame-9_14-26-29_strawberry_2.png,True,0.361566,1.000000,0.000000,0.361566,,ok
C:\fluttersrc\Strawberry-RUL-prediction\sample_data\raw_data\18-03-2026\cropped\frame-9_14-26-29.jpg,C:\fluttersrc\Strawberry-RUL-prediction\sample_data\raw_data\18-03-2026\cropped\frame-8_14-11-29.jpg,0.000000,0,2.441,0.000000,False,False,stable,C:\fluttersrc\Strawberry-RUL-prediction\sample_data\processed\segmented_18-03-2026\frame-9_14-26-29_strawberry_3.png,True,0.344774,1.000000,0.000000,0.344774,,ok
C:\fluttersrc\Strawberry-RUL-prediction\sample_data\raw_data\18-03-2026\cropped\frame-9_14-26-29.jpg,C:\fluttersrc\Strawberry-RUL-prediction\sample_data\raw_data\18-03-2026\cropped\frame-8_14-11-29.jpg,0.000000,0,2.441,0.000000,False,False,stable,C:\fluttersrc\Strawberry-RUL-prediction\sample_data\processed\segmented_18-03-2026\frame-9_14-26-29_strawberry_4.png,True,0.366491,1.000000,0.000000,0.366491,,ok
C:\fluttersrc\Strawberry-RUL-prediction\sample_data\raw_data\18-03-2026\cropped\frame-9_14-26-29.jpg,C:\fluttersrc\Strawberry-RUL-prediction\sample_data\raw_data\18-03-2026\cropped\frame-8_14-11-29.jpg,0.000000,0,2.441,0.000000,False,False,stable,C:\fluttersrc\Strawberry-RUL-prediction\sample_data\processed\segmented_18-03-2026\frame-9_14-26-29_strawberry_5.png,True,0.340853,1.000000,0.000000,0.340853,,ok
C:\fluttersrc\Strawberry-RUL-prediction\sample_data\raw_data\18-03-2026\cropped\frame-9_14-26-29.jpg,C:\fluttersrc\Strawberry-RUL-prediction\sample_data\raw_data\18-03-2026\cropped\frame-8_14-11-29.jpg,0.000000,0,2.441,0.000000,False,False,stable,C:\fluttersrc\Strawberry-RUL-prediction\sample_data\processed\segmented_18-03-2026\frame-9_14-26-29_strawberry_6.png,True,0.405405,1.000000,0.000000,0.405405,,ok
C:\fluttersrc\Strawberry-RUL-prediction\sample_data\raw_data\18-03-2026\cropped\frame-10_14-41-29.jpg,C:\fluttersrc\Strawberry-RUL-prediction\sample_data\raw_data\18-03-2026\cropped\frame-9_14-26-29.jpg,0.000000,0,3.145,0.000000,False,False,stable,C:\fluttersrc\Strawberry-RUL-prediction\sample_data\processed\segmented_18-03-2026\frame-10_14-41-29_strawberry_1.png,True,0.411212,1.000000,0.000000,0.411212,,ok
C:\fluttersrc\Strawberry-RUL-prediction\sample_data\raw_data\18-03-2026\cropped\frame-10_14-41-29.jpg,C:\fluttersrc\Strawberry-RUL-prediction\sample_data\raw_data\18-03-2026\cropped\frame-9_14-26-29.jpg,0.000000,0,3.145,0.000000,False,False,stable,C:\fluttersrc\Strawberry-RUL-prediction\sample_data\processed\segmented_18-03-2026\frame-10_14-41-29_strawberry_2.png,True,0.360371,1.000000,0.000000,0.360371,,ok
C:\fluttersrc\Strawberry-RUL-prediction\sample_data\raw_data\18-03-2026\cropped\frame-10_14-41-29.jpg,C:\fluttersrc\Strawberry-RUL-prediction\sample_data\raw_data\18-03-2026\cropped\frame-9_14-26-29.jpg,0.000000,0,3.145,0.000000,False,False,stable,C:\fluttersrc\Strawberry-RUL-prediction\sample_data\processed\segmented_18-03-2026\frame-10_14-41-29_strawberry_3.png,True,0.346596,1.000000,0.000000,0.346596,,ok
C:\fluttersrc\Strawberry-RUL-prediction\sample_data\raw_data\18-03-2026\cropped\frame-10_14-41-29.jpg,C:\fluttersrc\Strawberry-RUL-prediction\sample_data\raw_data\18-03-2026\cropped\frame-9_14-26-29.jpg,0.000000,0,3.145,0.000000,False,False,stable,C:\fluttersrc\Strawberry-RUL-prediction\sample_data\processed\segmented_18-03-2026\frame-10_14-41-29_strawberry_4.png,True,0.359026,1.000000,0.000000,0.359026,,ok
C:\fluttersrc\Strawberry-RUL-prediction\sample_data\raw_data\18-03-2026\cropped\frame-10_14-41-29.jpg,C:\fluttersrc\Strawberry-RUL-prediction\sample_data\raw_data\18-03-2026\cropped\frame-9_14-26-29.jpg,0.000000,0,3.145,0.000000,False,False,stable,C:\fluttersrc\Strawberry-RUL-prediction\sample_data\processed\segmented_18-03-2026\frame-10_14-41-29_strawberry_5.png,True,0.324103,1.000000,0.000000,0.324103,,ok
C:\fluttersrc\Strawberry-RUL-prediction\sample_data\raw_data\18-03-2026\cropped\frame-10_14-41-29.jpg,C:\fluttersrc\Strawberry-RUL-prediction\sample_data\raw_data\18-03-2026\cropped\frame-9_14-26-29.jpg,0.000000,0,3.145,0.000000,False,False,stable,C:\fluttersrc\Strawberry-RUL-prediction\sample_data\processed\segmented_18-03-2026\frame-10_14-41-29_strawberry_6.png,True,0.395428,1.000000,0.000000,0.395428,,ok
C:\fluttersrc\Strawberry-RUL-prediction\sample_data\raw_data\18-03-2026\cropped\frame-11_14-56-29.jpg,C:\fluttersrc\Strawberry-RUL-prediction\sample_data\raw_data\18-03-2026\cropped\frame-10_14-41-29.jpg,0.000000,0,2.961,0.000000,False,False,stable,C:\fluttersrc\Strawberry-RUL-prediction\sample_data\processed\segmented_18-03-2026\frame-11_14-56-29_strawberry_1.png,True,0.413075,1.000000,0.000000,0.413075,,ok
C:\fluttersrc\Strawberry-RUL-prediction\sample_data\raw_data\18-03-2026\cropped\frame-11_14-56-29.jpg,C:\fluttersrc\Strawberry-RUL-prediction\sample_data\raw_data\18-03-2026\cropped\frame-10_14-41-29.jpg,0.000000,0,2.961,0.000000,False,False,stable,C:\fluttersrc\Strawberry-RUL-prediction\sample_data\processed\segmented_18-03-2026\frame-11_14-56-29_strawberry_2.png,True,0.343148,1.000000,0.000000,0.343148,,ok
C:\fluttersrc\Strawberry-RUL-prediction\sample_data\raw_data\18-03-2026\cropped\frame-11_14-56-29.jpg,C:\fluttersrc\Strawberry-RUL-prediction\sample_data\raw_data\18-03-2026\cropped\frame-10_14-41-29.jpg,0.000000,0,2.961,0.000000,False,False,stable,C:\fluttersrc\Strawberry-RUL-prediction\sample_data\processed\segmented_18-03-2026\frame-11_14-56-29_strawberry_3.png,True,0.351185,1.000000,0.000000,0.351185,,ok
C:\fluttersrc\Strawberry-RUL-prediction\sample_data\raw_data\18-03-2026\cropped\frame-11_14-56-29.jpg,C:\fluttersrc\Strawberry-RUL-prediction\sample_data\raw_data\18-03-2026\cropped\frame-10_14-41-29.jpg,0.000000,0,2.961,0.000000,False,False,stable,C:\fluttersrc\Strawberry-RUL-prediction\sample_data\processed\segmented_18-03-2026\frame-11_14-56-29_strawberry_4.png,True,0.366507,1.000000,0.000000,0.366507,,ok
C:\fluttersrc\Strawberry-RUL-prediction\sample_data\raw_data\18-03-2026\cropped\frame-11_14-56-29.jpg,C:\fluttersrc\Strawberry-RUL-prediction\sample_data\raw_data\18-03-2026\cropped\frame-10_14-41-29.jpg,0.000000,0,2.961,0.000000,False,False,stable,C:\fluttersrc\Strawberry-RUL-prediction\sample_data\processed\segmented_18-03-2026\frame-11_14-56-29_strawberry_5.png,True,0.318616,1.000000,0.000000,0.318616,,ok
C:\fluttersrc\Strawberry-RUL-prediction\sample_data\raw_data\18-03-2026\cropped\frame-11_14-56-29.jpg,C:\fluttersrc\Strawberry-RUL-prediction\sample_data\raw_data\18-03-2026\cropped\frame-10_14-41-29.jpg,0.000000,0,2.961,0.000000,False,False,stable,C:\fluttersrc\Strawberry-RUL-prediction\sample_data\processed\segmented_18-03-2026\frame-11_14-56-29_strawberry_6.png,True,0.402952,1.000000,0.000000,0.402952,,ok
C:\fluttersrc\Strawberry-RUL-prediction\sample_data\raw_data\18-03-2026\cropped\frame-12_15-11-29.jpg,C:\fluttersrc\Strawberry-RUL-prediction\sample_data\raw_data\18-03-2026\cropped\frame-11_14-56-29.jpg,0.000000,0,3.324,0.000000,False,False,stable,C:\fluttersrc\Strawberry-RUL-prediction\sample_data\processed\segmented_18-03-2026\frame-12_15-11-29_strawberry_1.png,True,0.409886,1.000000,0.000000,0.409886,,ok
C:\fluttersrc\Strawberry-RUL-prediction\sample_data\raw_data\18-03-2026\cropped\frame-12_15-11-29.jpg,C:\fluttersrc\Strawberry-RUL-prediction\sample_data\raw_data\18-03-2026\cropped\frame-11_14-56-29.jpg,0.000000,0,3.324,0.000000,False,False,stable,C:\fluttersrc\Strawberry-RUL-prediction\sample_data\processed\segmented_18-03-2026\frame-12_15-11-29_strawberry_2.png,True,0.352754,1.000000,0.000000,0.352754,,ok
C:\fluttersrc\Strawberry-RUL-prediction\sample_data\raw_data\18-03-2026\cropped\frame-12_15-11-29.jpg,C:\fluttersrc\Strawberry-RUL-prediction\sample_data\raw_data\18-03-2026\cropped\frame-11_14-56-29.jpg,0.000000,0,3.324,0.000000,False,False,stable,C:\fluttersrc\Strawberry-RUL-prediction\sample_data\processed\segmented_18-03-2026\frame-12_15-11-29_strawberry_3.png,True,0.348738,1.000000,0.000000,0.348738,,ok
C:\fluttersrc\Strawberry-RUL-prediction\sample_data\raw_data\18-03-2026\cropped\frame-12_15-11-29.jpg,C:\fluttersrc\Strawberry-RUL-prediction\sample_data\raw_data\18-03-2026\cropped\frame-11_14-56-29.jpg,0.000000,0,3.324,0.000000,False,False,stable,C:\fluttersrc\Strawberry-RUL-prediction\sample_data\processed\segmented_18-03-2026\frame-12_15-11-29_strawberry_4.png,True,0.358275,1.000000,0.000000,0.358275,,ok
C:\fluttersrc\Strawberry-RUL-prediction\sample_data\raw_data\18-03-2026\cropped\frame-12_15-11-29.jpg,C:\fluttersrc\Strawberry-RUL-prediction\sample_data\raw_data\18-03-2026\cropped\frame-11_14-56-29.jpg,0.000000,0,3.324,0.000000,False,False,stable,C:\fluttersrc\Strawberry-RUL-prediction\sample_data\processed\segmented_18-03-2026\frame-12_15-11-29_strawberry_5.png,True,0.332612,1.000000,0.000000,0.332612,,ok
C:\fluttersrc\Strawberry-RUL-prediction\sample_data\raw_data\18-03-2026\cropped\frame-12_15-11-29.jpg,C:\fluttersrc\Strawberry-RUL-prediction\sample_data\raw_data\18-03-2026\cropped\frame-11_14-56-29.jpg,0.000000,0,3.324,0.000000,False,False,stable,C:\fluttersrc\Strawberry-RUL-prediction\sample_data\processed\segmented_18-03-2026\frame-12_15-11-29_strawberry_6.png,True,0.397086,1.000000,0.000000,0.397086,,ok
C:\fluttersrc\Strawberry-RUL-prediction\sample_data\raw_data\18-03-2026\cropped\frame-13_15-26-29.jpg,C:\fluttersrc\Strawberry-RUL-prediction\sample_data\raw_data\18-03-2026\cropped\frame-12_15-11-29.jpg,0.000000,0,3.068,0.000000,False,False,stable,C:\fluttersrc\Strawberry-RUL-prediction\sample_data\processed\segmented_18-03-2026\frame-13_15-26-29_strawberry_1.png,True,0.409603,1.000000,0.000000,0.409603,,ok
C:\fluttersrc\Strawberry-RUL-prediction\sample_data\raw_data\18-03-2026\cropped\frame-13_15-26-29.jpg,C:\fluttersrc\Strawberry-RUL-prediction\sample_data\raw_data\18-03-2026\cropped\frame-12_15-11-29.jpg,0.000000,0,3.068,0.000000,False,False,stable,C:\fluttersrc\Strawberry-RUL-prediction\sample_data\processed\segmented_18-03-2026\frame-13_15-26-29_strawberry_2.png,True,0.350095,1.000000,0.000000,0.350095,,ok
C:\fluttersrc\Strawberry-RUL-prediction\sample_data\raw_data\18-03-2026\cropped\frame-13_15-26-29.jpg,C:\fluttersrc\Strawberry-RUL-prediction\sample_data\raw_data\18-03-2026\cropped\frame-12_15-11-29.jpg,0.000000,0,3.068,0.000000,False,False,stable,C:\fluttersrc\Strawberry-RUL-prediction\sample_data\processed\segmented_18-03-2026\frame-13_15-26-29_strawberry_3.png,True,0.361537,0.999938,0.000000,0.361537,,ok
C:\fluttersrc\Strawberry-RUL-prediction\sample_data\raw_data\18-03-2026\cropped\frame-13_15-26-29.jpg,C:\fluttersrc\Strawberry-RUL-prediction\sample_data\raw_data\18-03-2026\cropped\frame-12_15-11-29.jpg,0.000000,0,3.068,0.000000,False,False,stable,C:\fluttersrc\Strawberry-RUL-prediction\sample_data\processed\segmented_18-03-2026\frame-13_15-26-29_strawberry_4.png,True,0.355757,1.000000,0.000000,0.355757,,ok
C:\fluttersrc\Strawberry-RUL-prediction\sample_data\raw_data\18-03-2026\cropped\frame-13_15-26-29.jpg,C:\fluttersrc\Strawberry-RUL-prediction\sample_data\raw_data\18-03-2026\cropped\frame-12_15-11-29.jpg,0.000000,0,3.068,0.000000,False,False,stable,C:\fluttersrc\Strawberry-RUL-prediction\sample_data\processed\segmented_18-03-2026\frame-13_15-26-29_strawberry_5.png,True,0.329978,1.000000,0.000000,0.329978,,ok
C:\fluttersrc\Strawberry-RUL-prediction\sample_data\raw_data\18-03-2026\cropped\frame-13_15-26-29.jpg,C:\fluttersrc\Strawberry-RUL-prediction\sample_data\raw_data\18-03-2026\cropped\frame-12_15-11-29.jpg,0.000000,0,3.068,0.000000,False,False,stable,C:\fluttersrc\Strawberry-RUL-prediction\sample_data\processed\segmented_18-03-2026\frame-13_15-26-29_strawberry_6.png,True,0.406662,1.000000,0.000000,0.406662,,ok
C:\fluttersrc\Strawberry-RUL-prediction\sample_data\raw_data\18-03-2026\cropped\frame-14_15-41-29.jpg,C:\fluttersrc\Strawberry-RUL-prediction\sample_data\raw_data\18-03-2026\cropped\frame-13_15-26-29.jpg,0.000000,0,3.410,0.000000,False,False,stable,C:\fluttersrc\Strawberry-RUL-prediction\sample_data\processed\segmented_18-03-2026\frame-14_15-41-29_strawberry_1.png,True,0.414455,1.000000,0.000000,0.414455,,ok
C:\fluttersrc\Strawberry-RUL-prediction\sample_data\raw_data\18-03-2026\cropped\frame-14_15-41-29.jpg,C:\fluttersrc\Strawberry-RUL-prediction\sample_data\raw_data\18-03-2026\cropped\frame-13_15-26-29.jpg,0.000000,0,3.410,0.000000,False,False,stable,C:\fluttersrc\Strawberry-RUL-prediction\sample_data\processed\segmented_18-03-2026\frame-14_15-41-29_strawberry_2.png,True,0.356808,1.000000,0.000000,0.356808,,ok
C:\fluttersrc\Strawberry-RUL-prediction\sample_data\raw_data\18-03-2026\cropped\frame-14_15-41-29.jpg,C:\fluttersrc\Strawberry-RUL-prediction\sample_data\raw_data\18-03-2026\cropped\frame-13_15-26-29.jpg,0.000000,0,3.410,0.000000,False,False,stable,C:\fluttersrc\Strawberry-RUL-prediction\sample_data\processed\segmented_18-03-2026\frame-14_15-41-29_strawberry_3.png,True,0.351639,1.000000,0.000000,0.351639,,ok
C:\fluttersrc\Strawberry-RUL-prediction\sample_data\raw_data\18-03-2026\cropped\frame-14_15-41-29.jpg,C:\fluttersrc\Strawberry-RUL-prediction\sample_data\raw_data\18-03-2026\cropped\frame-13_15-26-29.jpg,0.000000,0,3.410,0.000000,False,False,stable,C:\fluttersrc\Strawberry-RUL-prediction\sample_data\processed\segmented_18-03-2026\frame-14_15-41-29_strawberry_4.png,True,0.375308,1.000000,0.000000,0.375308,,ok
C:\fluttersrc\Strawberry-RUL-prediction\sample_data\raw_data\18-03-2026\cropped\frame-14_15-41-29.jpg,C:\fluttersrc\Strawberry-RUL-prediction\sample_data\raw_data\18-03-2026\cropped\frame-13_15-26-29.jpg,0.000000,0,3.410,0.000000,False,False,stable,C:\fluttersrc\Strawberry-RUL-prediction\sample_data\processed\segmented_18-03-2026\frame-14_15-41-29_strawberry_5.png,True,0.355528,1.000000,0.000000,0.355528,,ok
C:\fluttersrc\Strawberry-RUL-prediction\sample_data\raw_data\18-03-2026\cropped\frame-14_15-41-29.jpg,C:\fluttersrc\Strawberry-RUL-prediction\sample_data\raw_data\18-03-2026\cropped\frame-13_15-26-29.jpg,0.000000,0,3.410,0.000000,False,False,stable,C:\fluttersrc\Strawberry-RUL-prediction\sample_data\processed\segmented_18-03-2026\frame-14_15-41-29_strawberry_6.png,True,0.393421,1.000000,0.000000,0.393421,,ok
C:\fluttersrc\Strawberry-RUL-prediction\sample_data\raw_data\18-03-2026\cropped\frame-15_15-56-29.jpg,C:\fluttersrc\Strawberry-RUL-prediction\sample_data\raw_data\18-03-2026\cropped\frame-14_15-41-29.jpg,0.000000,0,1.628,0.000000,False,False,stable,C:\fluttersrc\Strawberry-RUL-prediction\sample_data\processed\segmented_18-03-2026\frame-15_15-56-29_strawberry_1.png,True,0.409788,1.000000,0.000000,0.409788,,ok
C:\fluttersrc\Strawberry-RUL-prediction\sample_data\raw_data\18-03-2026\cropped\frame-15_15-56-29.jpg,C:\fluttersrc\Strawberry-RUL-prediction\sample_data\raw_data\18-03-2026\cropped\frame-14_15-41-29.jpg,0.000000,0,1.628,0.000000,False,False,stable,C:\fluttersrc\Strawberry-RUL-prediction\sample_data\processed\segmented_18-03-2026\frame-15_15-56-29_strawberry_2.png,True,0.358833,1.000000,0.000000,0.358833,,ok
C:\fluttersrc\Strawberry-RUL-prediction\sample_data\raw_data\18-03-2026\cropped\frame-15_15-56-29.jpg,C:\fluttersrc\Strawberry-RUL-prediction\sample_data\raw_data\18-03-2026\cropped\frame-14_15-41-29.jpg,0.000000,0,1.628,0.000000,False,False,stable,C:\fluttersrc\Strawberry-RUL-prediction\sample_data\processed\segmented_18-03-2026\frame-15_15-56-29_strawberry_3.png,True,0.358674,1.000000,0.000000,0.358674,,ok
C:\fluttersrc\Strawberry-RUL-prediction\sample_data\raw_data\18-03-2026\cropped\frame-15_15-56-29.jpg,C:\fluttersrc\Strawberry-RUL-prediction\sample_data\raw_data\18-03-2026\cropped\frame-14_15-41-29.jpg,0.000000,0,1.628,0.000000,False,False,stable,C:\fluttersrc\Strawberry-RUL-prediction\sample_data\processed\segmented_18-03-2026\frame-15_15-56-29_strawberry_4.png,True,0.373336,1.000000,0.000000,0.373336,,ok
C:\fluttersrc\Strawberry-RUL-prediction\sample_data\raw_data\18-03-2026\cropped\frame-15_15-56-29.jpg,C:\fluttersrc\Strawberry-RUL-prediction\sample_data\raw_data\18-03-2026\cropped\frame-14_15-41-29.jpg,0.000000,0,1.628,0.000000,False,False,stable,C:\fluttersrc\Strawberry-RUL-prediction\sample_data\processed\segmented_18-03-2026\frame-15_15-56-29_strawberry_5.png,True,0.335099,1.000000,0.000000,0.335099,,ok
C:\fluttersrc\Strawberry-RUL-prediction\sample_data\raw_data\18-03-2026\cropped\frame-15_15-56-29.jpg,C:\fluttersrc\Strawberry-RUL-prediction\sample_data\raw_data\18-03-2026\cropped\frame-14_15-41-29.jpg,0.000000,0,1.628,0.000000,False,False,stable,C:\fluttersrc\Strawberry-RUL-prediction\sample_data\processed\segmented_18-03-2026\frame-15_15-56-29_strawberry_6.png,True,0.390679,1.000000,0.000000,0.390679,,ok
C:\fluttersrc\Strawberry-RUL-prediction\sample_data\raw_data\18-03-2026\cropped\frame-16_16-11-29.jpg,C:\fluttersrc\Strawberry-RUL-prediction\sample_data\raw_data\18-03-2026\cropped\frame-15_15-56-29.jpg,0.000000,0,2.357,0.000000,False,False,stable,C:\fluttersrc\Strawberry-RUL-prediction\sample_data\processed\segmented_18-03-2026\frame-16_16-11-29_strawberry_1.png,True,0.410227,1.000000,0.000000,0.410227,,ok
C:\fluttersrc\Strawberry-RUL-prediction\sample_data\raw_data\18-03-2026\cropped\frame-16_16-11-29.jpg,C:\fluttersrc\Strawberry-RUL-prediction\sample_data\raw_data\18-03-2026\cropped\frame-15_15-56-29.jpg,0.000000,0,2.357,0.000000,False,False,stable,C:\fluttersrc\Strawberry-RUL-prediction\sample_data\processed\segmented_18-03-2026\frame-16_16-11-29_strawberry_2.png,True,0.361159,1.000000,0.000000,0.361159,,ok
C:\fluttersrc\Strawberry-RUL-prediction\sample_data\raw_data\18-03-2026\cropped\frame-16_16-11-29.jpg,C:\fluttersrc\Strawberry-RUL-prediction\sample_data\raw_data\18-03-2026\cropped\frame-15_15-56-29.jpg,0.000000,0,2.357,0.000000,False,False,stable,C:\fluttersrc\Strawberry-RUL-prediction\sample_data\processed\segmented_18-03-2026\frame-16_16-11-29_strawberry_3.png,True,0.354950,1.000000,0.000000,0.354950,,ok
C:\fluttersrc\Strawberry-RUL-prediction\sample_data\raw_data\18-03-2026\cropped\frame-16_16-11-29.jpg,C:\fluttersrc\Strawberry-RUL-prediction\sample_data\raw_data\18-03-2026\cropped\frame-15_15-56-29.jpg,0.000000,0,2.357,0.000000,False,False,stable,C:\fluttersrc\Strawberry-RUL-prediction\sample_data\processed\segmented_18-03-2026\frame-16_16-11-29_strawberry_4.png,True,0.383405,1.000000,0.000000,0.383405,,ok
C:\fluttersrc\Strawberry-RUL-prediction\sample_data\raw_data\18-03-2026\cropped\frame-16_16-11-29.jpg,C:\fluttersrc\Strawberry-RUL-prediction\sample_data\raw_data\18-03-2026\cropped\frame-15_15-56-29.jpg,0.000000,0,2.357,0.000000,False,False,stable,C:\fluttersrc\Strawberry-RUL-prediction\sample_data\processed\segmented_18-03-2026\frame-16_16-11-29_strawberry_5.png,True,0.343715,1.000000,0.000000,0.343715,,ok
C:\fluttersrc\Strawberry-RUL-prediction\sample_data\raw_data\18-03-2026\cropped\frame-16_16-11-29.jpg,C:\fluttersrc\Strawberry-RUL-prediction\sample_data\raw_data\18-03-2026\cropped\frame-15_15-56-29.jpg,0.000000,0,2.357,0.000000,False,False,stable,C:\fluttersrc\Strawberry-RUL-prediction\sample_data\processed\segmented_18-03-2026\frame-16_16-11-29_strawberry_6.png,True,0.397601,1.000000,0.000000,0.397601,,ok
C:\fluttersrc\Strawberry-RUL-prediction\sample_data\raw_data\18-03-2026\cropped\frame-17_16-26-30.jpg,C:\fluttersrc\Strawberry-RUL-prediction\sample_data\raw_data\18-03-2026\cropped\frame-16_16-11-29.jpg,0.000000,0,1.581,0.000000,False,False,stable,C:\fluttersrc\Strawberry-RUL-prediction\sample_data\processed\segmented_18-03-2026\frame-17_16-26-30_strawberry_1.png,True,0.412926,1.000000,0.000000,0.412926,,ok
C:\fluttersrc\Strawberry-RUL-prediction\sample_data\raw_data\18-03-2026\cropped\frame-17_16-26-30.jpg,C:\fluttersrc\Strawberry-RUL-prediction\sample_data\raw_data\18-03-2026\cropped\frame-16_16-11-29.jpg,0.000000,0,1.581,0.000000,False,False,stable,C:\fluttersrc\Strawberry-RUL-prediction\sample_data\processed\segmented_18-03-2026\frame-17_16-26-30_strawberry_2.png,True,0.356662,1.000000,0.000000,0.356662,,ok
C:\fluttersrc\Strawberry-RUL-prediction\sample_data\raw_data\18-03-2026\cropped\frame-17_16-26-30.jpg,C:\fluttersrc\Strawberry-RUL-prediction\sample_data\raw_data\18-03-2026\cropped\frame-16_16-11-29.jpg,0.000000,0,1.581,0.000000,False,False,stable,C:\fluttersrc\Strawberry-RUL-prediction\sample_data\processed\segmented_18-03-2026\frame-17_16-26-30_strawberry_3.png,True,0.363060,1.000000,0.000000,0.363060,,ok
C:\fluttersrc\Strawberry-RUL-prediction\sample_data\raw_data\18-03-2026\cropped\frame-17_16-26-30.jpg,C:\fluttersrc\Strawberry-RUL-prediction\sample_data\raw_data\18-03-2026\cropped\frame-16_16-11-29.jpg,0.000000,0,1.581,0.000000,False,False,stable,C:\fluttersrc\Strawberry-RUL-prediction\sample_data\processed\segmented_18-03-2026\frame-17_16-26-30_strawberry_4.png,True,0.377023,1.000000,0.000000,0.377023,,ok
C:\fluttersrc\Strawberry-RUL-prediction\sample_data\raw_data\18-03-2026\cropped\frame-17_16-26-30.jpg,C:\fluttersrc\Strawberry-RUL-prediction\sample_data\raw_data\18-03-2026\cropped\frame-16_16-11-29.jpg,0.000000,0,1.581,0.000000,False,False,stable,C:\fluttersrc\Strawberry-RUL-prediction\sample_data\processed\segmented_18-03-2026\frame-17_16-26-30_strawberry_5.png,True,0.347729,1.000000,0.000000,0.347729,,ok
C:\fluttersrc\Strawberry-RUL-prediction\sample_data\raw_data\18-03-2026\cropped\frame-17_16-26-30.jpg,C:\fluttersrc\Strawberry-RUL-prediction\sample_data\raw_data\18-03-2026\cropped\frame-16_16-11-29.jpg,0.000000,0,1.581,0.000000,False,False,stable,C:\fluttersrc\Strawberry-RUL-prediction\sample_data\processed\segmented_18-03-2026\frame-17_16-26-30_strawberry_6.png,True,0.402476,1.000000,0.000000,0.402476,,ok
C:\fluttersrc\Strawberry-RUL-prediction\sample_data\raw_data\18-03-2026\cropped\frame-18_16-41-30.jpg,C:\fluttersrc\Strawberry-RUL-prediction\sample_data\raw_data\18-03-2026\cropped\frame-17_16-26-30.jpg,0.000000,0,3.081,0.000000,False,False,stable,C:\fluttersrc\Strawberry-RUL-prediction\sample_data\processed\segmented_18-03-2026\frame-18_16-41-30_strawberry_1.png,True,0.413695,1.000000,0.000000,0.413695,,ok
C:\fluttersrc\Strawberry-RUL-prediction\sample_data\raw_data\18-03-2026\cropped\frame-18_16-41-30.jpg,C:\fluttersrc\Strawberry-RUL-prediction\sample_data\raw_data\18-03-2026\cropped\frame-17_16-26-30.jpg,0.000000,0,3.081,0.000000,False,False,stable,C:\fluttersrc\Strawberry-RUL-prediction\sample_data\processed\segmented_18-03-2026\frame-18_16-41-30_strawberry_2.png,True,0.357202,1.000000,0.000000,0.357202,,ok
C:\fluttersrc\Strawberry-RUL-prediction\sample_data\raw_data\18-03-2026\cropped\frame-18_16-41-30.jpg,C:\fluttersrc\Strawberry-RUL-prediction\sample_data\raw_data\18-03-2026\cropped\frame-17_16-26-30.jpg,0.000000,0,3.081,0.000000,False,False,stable,C:\fluttersrc\Strawberry-RUL-prediction\sample_data\processed\segmented_18-03-2026\frame-18_16-41-30_strawberry_3.png,True,0.347167,1.000000,0.000000,0.347167,,ok
C:\fluttersrc\Strawberry-RUL-prediction\sample_data\raw_data\18-03-2026\cropped\frame-18_16-41-30.jpg,C:\fluttersrc\Strawberry-RUL-prediction\sample_data\raw_data\18-03-2026\cropped\frame-17_16-26-30.jpg,0.000000,0,3.081,0.000000,False,False,stable,C:\fluttersrc\Strawberry-RUL-prediction\sample_data\processed\segmented_18-03-2026\frame-18_16-41-30_strawberry_4.png,True,0.370542,1.000000,0.000000,0.370542,,ok
C:\fluttersrc\Strawberry-RUL-prediction\sample_data\raw_data\18-03-2026\cropped\frame-18_16-41-30.jpg,C:\fluttersrc\Strawberry-RUL-prediction\sample_data\raw_data\18-03-2026\cropped\frame-17_16-26-30.jpg,0.000000,0,3.081,0.000000,False,False,stable,C:\fluttersrc\Strawberry-RUL-prediction\sample_data\processed\segmented_18-03-2026\frame-18_16-41-30_strawberry_5.png,True,0.346051,1.000000,0.000000,0.346051,,ok
C:\fluttersrc\Strawberry-RUL-prediction\sample_data\raw_data\18-03-2026\cropped\frame-18_16-41-30.jpg,C:\fluttersrc\Strawberry-RUL-prediction\sample_data\raw_data\18-03-2026\cropped\frame-17_16-26-30.jpg,0.000000,0,3.081,0.000000,False,False,stable,C:\fluttersrc\Strawberry-RUL-prediction\sample_data\processed\segmented_18-03-2026\frame-18_16-41-30_strawberry_6.png,True,0.396413,1.000000,0.000000,0.396413,,ok
C:\fluttersrc\Strawberry-RUL-prediction\sample_data\raw_data\18-03-2026\cropped\frame-19_16-56-30.jpg,C:\fluttersrc\Strawberry-RUL-prediction\sample_data\raw_data\18-03-2026\cropped\frame-18_16-41-30.jpg,0.000000,0,1.613,0.000000,False,False,stable,C:\fluttersrc\Strawberry-RUL-prediction\sample_data\processed\segmented_18-03-2026\frame-19_16-56-30_strawberry_1.png,True,0.407232,1.000000,0.000000,0.407232,,ok
C:\fluttersrc\Strawberry-RUL-prediction\sample_data\raw_data\18-03-2026\cropped\frame-19_16-56-30.jpg,C:\fluttersrc\Strawberry-RUL-prediction\sample_data\raw_data\18-03-2026\cropped\frame-18_16-41-30.jpg,0.000000,0,1.613,0.000000,False,False,stable,C:\fluttersrc\Strawberry-RUL-prediction\sample_data\processed\segmented_18-03-2026\frame-19_16-56-30_strawberry_2.png,True,0.357259,1.000000,0.000000,0.357259,,ok
C:\fluttersrc\Strawberry-RUL-prediction\sample_data\raw_data\18-03-2026\cropped\frame-19_16-56-30.jpg,C:\fluttersrc\Strawberry-RUL-prediction\sample_data\raw_data\18-03-2026\cropped\frame-18_16-41-30.jpg,0.000000,0,1.613,0.000000,False,False,stable,C:\fluttersrc\Strawberry-RUL-prediction\sample_data\processed\segmented_18-03-2026\frame-19_16-56-30_strawberry_3.png,True,0.348636,1.000000,0.000000,0.348636,,ok
C:\fluttersrc\Strawberry-RUL-prediction\sample_data\raw_data\18-03-2026\cropped\frame-19_16-56-30.jpg,C:\fluttersrc\Strawberry-RUL-prediction\sample_data\raw_data\18-03-2026\cropped\frame-18_16-41-30.jpg,0.000000,0,1.613,0.000000,False,False,stable,C:\fluttersrc\Strawberry-RUL-prediction\sample_data\processed\segmented_18-03-2026\frame-19_16-56-30_strawberry_4.png,True,0.366618,1.000000,0.000000,0.366618,,ok
C:\fluttersrc\Strawberry-RUL-prediction\sample_data\raw_data\18-03-2026\cropped\frame-19_16-56-30.jpg,C:\fluttersrc\Strawberry-RUL-prediction\sample_data\raw_data\18-03-2026\cropped\frame-18_16-41-30.jpg,0.000000,0,1.613,0.000000,False,False,stable,C:\fluttersrc\Strawberry-RUL-prediction\sample_data\processed\segmented_18-03-2026\frame-19_16-56-30_strawberry_5.png,True,0.344910,1.000000,0.000000,0.344910,,ok
C:\fluttersrc\Strawberry-RUL-prediction\sample_data\raw_data\18-03-2026\cropped\frame-19_16-56-30.jpg,C:\fluttersrc\Strawberry-RUL-prediction\sample_data\raw_data\18-03-2026\cropped\frame-18_16-41-30.jpg,0.000000,0,1.613,0.000000,False,False,stable,C:\fluttersrc\Strawberry-RUL-prediction\sample_data\processed\segmented_18-03-2026\frame-19_16-56-30_strawberry_6.png,True,0.408277,1.000000,0.000000,0.408277,,ok
C:\fluttersrc\Strawberry-RUL-prediction\sample_data\raw_data\18-03-2026\cropped\frame-20_17-11-30.jpg,C:\fluttersrc\Strawberry-RUL-prediction\sample_data\raw_data\18-03-2026\cropped\frame-19_16-56-30.jpg,0.000000,0,2.751,0.000000,False,False,stable,C:\fluttersrc\Strawberry-RUL-prediction\sample_data\processed\segmented_18-03-2026\frame-20_17-11-30_strawberry_1.png,True,0.413847,1.000000,0.000000,0.413847,,ok
C:\fluttersrc\Strawberry-RUL-prediction\sample_data\raw_data\18-03-2026\cropped\frame-20_17-11-30.jpg,C:\fluttersrc\Strawberry-RUL-prediction\sample_data\raw_data\18-03-2026\cropped\frame-19_16-56-30.jpg,0.000000,0,2.751,0.000000,False,False,stable,C:\fluttersrc\Strawberry-RUL-prediction\sample_data\processed\segmented_18-03-2026\frame-20_17-11-30_strawberry_2.png,True,0.354015,1.000000,0.000000,0.354015,,ok
C:\fluttersrc\Strawberry-RUL-prediction\sample_data\raw_data\18-03-2026\cropped\frame-20_17-11-30.jpg,C:\fluttersrc\Strawberry-RUL-prediction\sample_data\raw_data\18-03-2026\cropped\frame-19_16-56-30.jpg,0.000000,0,2.751,0.000000,False,False,stable,C:\fluttersrc\Strawberry-RUL-prediction\sample_data\processed\segmented_18-03-2026\frame-20_17-11-30_strawberry_3.png,True,0.344733,1.000000,0.000000,0.344733,,ok
C:\fluttersrc\Strawberry-RUL-prediction\sample_data\raw_data\18-03-2026\cropped\frame-20_17-11-30.jpg,C:\fluttersrc\Strawberry-RUL-prediction\sample_data\raw_data\18-03-2026\cropped\frame-19_16-56-30.jpg,0.000000,0,2.751,0.000000,False,False,stable,C:\fluttersrc\Strawberry-RUL-prediction\sample_data\processed\segmented_18-03-2026\frame-20_17-11-30_strawberry_4.png,True,0.367308,1.000000,0.000000,0.367308,,ok
C:\fluttersrc\Strawberry-RUL-prediction\sample_data\raw_data\18-03-2026\cropped\frame-20_17-11-30.jpg,C:\fluttersrc\Strawberry-RUL-prediction\sample_data\raw_data\18-03-2026\cropped\frame-19_16-56-30.jpg,0.000000,0,2.751,0.000000,False,False,stable,C:\fluttersrc\Strawberry-RUL-prediction\sample_data\processed\segmented_18-03-2026\frame-20_17-11-30_strawberry_5.png,True,0.332470,1.000000,0.000000,0.332470,,ok
C:\fluttersrc\Strawberry-RUL-prediction\sample_data\raw_data\18-03-2026\cropped\frame-20_17-11-30.jpg,C:\fluttersrc\Strawberry-RUL-prediction\sample_data\raw_data\18-03-2026\cropped\frame-19_16-56-30.jpg,0.000000,0,2.751,0.000000,False,False,stable,C:\fluttersrc\Strawberry-RUL-prediction\sample_data\processed\segmented_18-03-2026\frame-20_17-11-30_strawberry_6.png,True,0.409434,1.000000,0.000000,0.409434,,ok
C:\fluttersrc\Strawberry-RUL-prediction\sample_data\raw_data\18-03-2026\cropped\frame-21_17-26-30.jpg,C:\fluttersrc\Strawberry-RUL-prediction\sample_data\raw_data\18-03-2026\cropped\frame-20_17-11-30.jpg,0.000000,0,2.764,0.000000,False,False,stable,C:\fluttersrc\Strawberry-RUL-prediction\sample_data\processed\segmented_18-03-2026\frame-21_17-26-30_strawberry_1.png,True,0.411036,1.000000,0.000000,0.411036,,ok
C:\fluttersrc\Strawberry-RUL-prediction\sample_data\raw_data\18-03-2026\cropped\frame-21_17-26-30.jpg,C:\fluttersrc\Strawberry-RUL-prediction\sample_data\raw_data\18-03-2026\cropped\frame-20_17-11-30.jpg,0.000000,0,2.764,0.000000,False,False,stable,C:\fluttersrc\Strawberry-RUL-prediction\sample_data\processed\segmented_18-03-2026\frame-21_17-26-30_strawberry_2.png,True,0.353532,1.000000,0.000000,0.353532,,ok
C:\fluttersrc\Strawberry-RUL-prediction\sample_data\raw_data\18-03-2026\cropped\frame-21_17-26-30.jpg,C:\fluttersrc\Strawberry-RUL-prediction\sample_data\raw_data\18-03-2026\cropped\frame-20_17-11-30.jpg,0.000000,0,2.764,0.000000,False,False,stable,C:\fluttersrc\Strawberry-RUL-prediction\sample_data\processed\segmented_18-03-2026\frame-21_17-26-30_strawberry_3.png,True,0.354702,1.000000,0.000000,0.354702,,ok
C:\fluttersrc\Strawberry-RUL-prediction\sample_data\raw_data\18-03-2026\cropped\frame-21_17-26-30.jpg,C:\fluttersrc\Strawberry-RUL-prediction\sample_data\raw_data\18-03-2026\cropped\frame-20_17-11-30.jpg,0.000000,0,2.764,0.000000,False,False,stable,C:\fluttersrc\Strawberry-RUL-prediction\sample_data\processed\segmented_18-03-2026\frame-21_17-26-30_strawberry_4.png,True,0.365513,1.000000,0.000000,0.365513,,ok
C:\fluttersrc\Strawberry-RUL-prediction\sample_data\raw_data\18-03-2026\cropped\frame-21_17-26-30.jpg,C:\fluttersrc\Strawberry-RUL-prediction\sample_data\raw_data\18-03-2026\cropped\frame-20_17-11-30.jpg,0.000000,0,2.764,0.000000,False,False,stable,C:\fluttersrc\Strawberry-RUL-prediction\sample_data\processed\segmented_18-03-2026\frame-21_17-26-30_strawberry_5.png,True,0.337686,1.000000,0.000000,0.337686,,ok
C:\fluttersrc\Strawberry-RUL-prediction\sample_data\raw_data\18-03-2026\cropped\frame-21_17-26-30.jpg,C:\fluttersrc\Strawberry-RUL-prediction\sample_data\raw_data\18-03-2026\cropped\frame-20_17-11-30.jpg,0.000000,0,2.764,0.000000,False,False,stable,C:\fluttersrc\Strawberry-RUL-prediction\sample_data\processed\segmented_18-03-2026\frame-21_17-26-30_strawberry_6.png,True,0.398159,1.000000,0.000000,0.398159,,ok
C:\fluttersrc\Strawberry-RUL-prediction\sample_data\raw_data\18-03-2026\cropped\frame-22_17-41-30.jpg,C:\fluttersrc\Strawberry-RUL-prediction\sample_data\raw_data\18-03-2026\cropped\frame-21_17-26-30.jpg,0.000000,0,1.818,0.000000,False,False,stable,C:\fluttersrc\Strawberry-RUL-prediction\sample_data\processed\segmented_18-03-2026\frame-22_17-41-30_strawberry_1.png,True,0.415463,1.000000,0.000000,0.415463,,ok
C:\fluttersrc\Strawberry-RUL-prediction\sample_data\raw_data\18-03-2026\cropped\frame-22_17-41-30.jpg,C:\fluttersrc\Strawberry-RUL-prediction\sample_data\raw_data\18-03-2026\cropped\frame-21_17-26-30.jpg,0.000000,0,1.818,0.000000,False,False,stable,C:\fluttersrc\Strawberry-RUL-prediction\sample_data\processed\segmented_18-03-2026\frame-22_17-41-30_strawberry_2.png,True,0.351573,1.000000,0.000000,0.351573,,ok
C:\fluttersrc\Strawberry-RUL-prediction\sample_data\raw_data\18-03-2026\cropped\frame-22_17-41-30.jpg,C:\fluttersrc\Strawberry-RUL-prediction\sample_data\raw_data\18-03-2026\cropped\frame-21_17-26-30.jpg,0.000000,0,1.818,0.000000,False,False,stable,C:\fluttersrc\Strawberry-RUL-prediction\sample_data\processed\segmented_18-03-2026\frame-22_17-41-30_strawberry_3.png,True,0.367465,1.000000,0.000000,0.367465,,ok
C:\fluttersrc\Strawberry-RUL-prediction\sample_data\raw_data\18-03-2026\cropped\frame-22_17-41-30.jpg,C:\fluttersrc\Strawberry-RUL-prediction\sample_data\raw_data\18-03-2026\cropped\frame-21_17-26-30.jpg,0.000000,0,1.818,0.000000,False,False,stable,C:\fluttersrc\Strawberry-RUL-prediction\sample_data\processed\segmented_18-03-2026\frame-22_17-41-30_strawberry_4.png,True,0.369413,1.000000,0.000000,0.369413,,ok
C:\fluttersrc\Strawberry-RUL-prediction\sample_data\raw_data\18-03-2026\cropped\frame-22_17-41-30.jpg,C:\fluttersrc\Strawberry-RUL-prediction\sample_data\raw_data\18-03-2026\cropped\frame-21_17-26-30.jpg,0.000000,0,1.818,0.000000,False,False,stable,C:\fluttersrc\Strawberry-RUL-prediction\sample_data\processed\segmented_18-03-2026\frame-22_17-41-30_strawberry_5.png,True,0.328881,1.000000,0.000000,0.328881,,ok
C:\fluttersrc\Strawberry-RUL-prediction\sample_data\raw_data\18-03-2026\cropped\frame-22_17-41-30.jpg,C:\fluttersrc\Strawberry-RUL-prediction\sample_data\raw_data\18-03-2026\cropped\frame-21_17-26-30.jpg,0.000000,0,1.818,0.000000,False,False,stable,C:\fluttersrc\Strawberry-RUL-prediction\sample_data\processed\segmented_18-03-2026\frame-22_17-41-30_strawberry_6.png,True,0.403459,1.000000,0.000000,0.403459,,ok
C:\fluttersrc\Strawberry-RUL-prediction\sample_data\raw_data\18-03-2026\cropped\frame-23_17-56-30.jpg,C:\fluttersrc\Strawberry-RUL-prediction\sample_data\raw_data\18-03-2026\cropped\frame-22_17-41-30.jpg,0.000000,0,3.211,0.000000,False,False,stable,C:\fluttersrc\Strawberry-RUL-prediction\sample_data\processed\segmented_18-03-2026\frame-23_17-56-30_strawberry_1.png,True,0.415145,1.000000,0.000000,0.415145,,ok
C:\fluttersrc\Strawberry-RUL-prediction\sample_data\raw_data\18-03-2026\cropped\frame-23_17-56-30.jpg,C:\fluttersrc\Strawberry-RUL-prediction\sample_data\raw_data\18-03-2026\cropped\frame-22_17-41-30.jpg,0.000000,0,3.211,0.000000,False,False,stable,C:\fluttersrc\Strawberry-RUL-prediction\sample_data\processed\segmented_18-03-2026\frame-23_17-56-30_strawberry_2.png,True,0.357285,1.000000,0.000000,0.357285,,ok
C:\fluttersrc\Strawberry-RUL-prediction\sample_data\raw_data\18-03-2026\cropped\frame-23_17-56-30.jpg,C:\fluttersrc\Strawberry-RUL-prediction\sample_data\raw_data\18-03-2026\cropped\frame-22_17-41-30.jpg,0.000000,0,3.211,0.000000,False,False,stable,C:\fluttersrc\Strawberry-RUL-prediction\sample_data\processed\segmented_18-03-2026\frame-23_17-56-30_strawberry_3.png,True,0.353676,1.000000,0.000000,0.353676,,ok
C:\fluttersrc\Strawberry-RUL-prediction\sample_data\raw_data\18-03-2026\cropped\frame-23_17-56-30.jpg,C:\fluttersrc\Strawberry-RUL-prediction\sample_data\raw_data\18-03-2026\cropped\frame-22_17-41-30.jpg,0.000000,0,3.211,0.000000,False,False,stable,C:\fluttersrc\Strawberry-RUL-prediction\sample_data\processed\segmented_18-03-2026\frame-23_17-56-30_strawberry_4.png,True,0.362179,1.000000,0.000000,0.362179,,ok
C:\fluttersrc\Strawberry-RUL-prediction\sample_data\raw_data\18-03-2026\cropped\frame-23_17-56-30.jpg,C:\fluttersrc\Strawberry-RUL-prediction\sample_data\raw_data\18-03-2026\cropped\frame-22_17-41-30.jpg,0.000000,0,3.211,0.000000,False,False,stable,C:\fluttersrc\Strawberry-RUL-prediction\sample_data\processed\segmented_18-03-2026\frame-23_17-56-30_strawberry_5.png,True,0.338210,1.000000,0.000000,0.338210,,ok
C:\fluttersrc\Strawberry-RUL-prediction\sample_data\raw_data\18-03-2026\cropped\frame-23_17-56-30.jpg,C:\fluttersrc\Strawberry-RUL-prediction\sample_data\raw_data\18-03-2026\cropped\frame-22_17-41-30.jpg,0.000000,0,3.211,0.000000,False,False,stable,C:\fluttersrc\Strawberry-RUL-prediction\sample_data\processed\segmented_18-03-2026\frame-23_17-56-30_strawberry_6.png,True,0.402815,1.000000,0.000000,0.402815,,ok
C:\fluttersrc\Strawberry-RUL-prediction\sample_data\raw_data\18-03-2026\cropped\frame-24_18-11-30.jpg,C:\fluttersrc\Strawberry-RUL-prediction\sample_data\raw_data\18-03-2026\cropped\frame-23_17-56-30.jpg,0.000000,0,3.172,0.000000,False,False,stable,C:\fluttersrc\Strawberry-RUL-prediction\sample_data\processed\segmented_18-03-2026\frame-24_18-11-30_strawberry_1.png,True,0.410086,1.000000,0.000000,0.410086,,ok
C:\fluttersrc\Strawberry-RUL-prediction\sample_data\raw_data\18-03-2026\cropped\frame-24_18-11-30.jpg,C:\fluttersrc\Strawberry-RUL-prediction\sample_data\raw_data\18-03-2026\cropped\frame-23_17-56-30.jpg,0.000000,0,3.172,0.000000,False,False,stable,C:\fluttersrc\Strawberry-RUL-prediction\sample_data\processed\segmented_18-03-2026\frame-24_18-11-30_strawberry_2.png,True,0.354390,1.000000,0.000000,0.354390,,ok
C:\fluttersrc\Strawberry-RUL-prediction\sample_data\raw_data\18-03-2026\cropped\frame-24_18-11-30.jpg,C:\fluttersrc\Strawberry-RUL-prediction\sample_data\raw_data\18-03-2026\cropped\frame-23_17-56-30.jpg,0.000000,0,3.172,0.000000,False,False,stable,C:\fluttersrc\Strawberry-RUL-prediction\sample_data\processed\segmented_18-03-2026\frame-24_18-11-30_strawberry_3.png,True,0.360469,1.000000,0.000000,0.360469,,ok
C:\fluttersrc\Strawberry-RUL-prediction\sample_data\raw_data\18-03-2026\cropped\frame-24_18-11-30.jpg,C:\fluttersrc\Strawberry-RUL-prediction\sample_data\raw_data\18-03-2026\cropped\frame-23_17-56-30.jpg,0.000000,0,3.172,0.000000,False,False,stable,C:\fluttersrc\Strawberry-RUL-prediction\sample_data\processed\segmented_18-03-2026\frame-24_18-11-30_strawberry_4.png,True,0.377402,1.000000,0.000000,0.377402,,ok
C:\fluttersrc\Strawberry-RUL-prediction\sample_data\raw_data\18-03-2026\cropped\frame-24_18-11-30.jpg,C:\fluttersrc\Strawberry-RUL-prediction\sample_data\raw_data\18-03-2026\cropped\frame-23_17-56-30.jpg,0.000000,0,3.172,0.000000,False,False,stable,C:\fluttersrc\Strawberry-RUL-prediction\sample_data\processed\segmented_18-03-2026\frame-24_18-11-30_strawberry_5.png,True,0.324056,1.000000,0.000000,0.324056,,ok
C:\fluttersrc\Strawberry-RUL-prediction\sample_data\raw_data\18-03-2026\cropped\frame-24_18-11-30.jpg,C:\fluttersrc\Strawberry-RUL-prediction\sample_data\raw_data\18-03-2026\cropped\frame-23_17-56-30.jpg,0.000000,0,3.172,0.000000,False,False,stable,C:\fluttersrc\Strawberry-RUL-prediction\sample_data\processed\segmented_18-03-2026\frame-24_18-11-30_strawberry_6.png,True,0.399834,1.000000,0.000000,0.399834,,ok
C:\fluttersrc\Strawberry-RUL-prediction\sample_data\raw_data\18-03-2026\cropped\frame-25_18-26-30.jpg,C:\fluttersrc\Strawberry-RUL-prediction\sample_data\raw_data\18-03-2026\cropped\frame-24_18-11-30.jpg,0.000000,0,2.099,0.000000,False,False,stable,C:\fluttersrc\Strawberry-RUL-prediction\sample_data\processed\segmented_18-03-2026\frame-25_18-26-30_strawberry_1.png,True,0.413140,1.000000,0.000000,0.413140,,ok
C:\fluttersrc\Strawberry-RUL-prediction\sample_data\raw_data\18-03-2026\cropped\frame-25_18-26-30.jpg,C:\fluttersrc\Strawberry-RUL-prediction\sample_data\raw_data\18-03-2026\cropped\frame-24_18-11-30.jpg,0.000000,0,2.099,0.000000,False,False,stable,C:\fluttersrc\Strawberry-RUL-prediction\sample_data\processed\segmented_18-03-2026\frame-25_18-26-30_strawberry_2.png,True,0.359392,1.000000,0.000000,0.359392,,ok
C:\fluttersrc\Strawberry-RUL-prediction\sample_data\raw_data\18-03-2026\cropped\frame-25_18-26-30.jpg,C:\fluttersrc\Strawberry-RUL-prediction\sample_data\raw_data\18-03-2026\cropped\frame-24_18-11-30.jpg,0.000000,0,2.099,0.000000,False,False,stable,C:\fluttersrc\Strawberry-RUL-prediction\sample_data\processed\segmented_18-03-2026\frame-25_18-26-30_strawberry_3.png,True,0.360936,1.000000,0.000000,0.360936,,ok
C:\fluttersrc\Strawberry-RUL-prediction\sample_data\raw_data\18-03-2026\cropped\frame-25_18-26-30.jpg,C:\fluttersrc\Strawberry-RUL-prediction\sample_data\raw_data\18-03-2026\cropped\frame-24_18-11-30.jpg,0.000000,0,2.099,0.000000,False,False,stable,C:\fluttersrc\Strawberry-RUL-prediction\sample_data\processed\segmented_18-03-2026\frame-25_18-26-30_strawberry_4.png,True,0.360861,1.000000,0.000000,0.360861,,ok
C:\fluttersrc\Strawberry-RUL-prediction\sample_data\raw_data\18-03-2026\cropped\frame-25_18-26-30.jpg,C:\fluttersrc\Strawberry-RUL-prediction\sample_data\raw_data\18-03-2026\cropped\frame-24_18-11-30.jpg,0.000000,0,2.099,0.000000,False,False,stable,C:\fluttersrc\Strawberry-RUL-prediction\sample_data\processed\segmented_18-03-2026\frame-25_18-26-30_strawberry_5.png,True,0.332720,1.000000,0.000000,0.332720,,ok
C:\fluttersrc\Strawberry-RUL-prediction\sample_data\raw_data\18-03-2026\cropped\frame-25_18-26-30.jpg,C:\fluttersrc\Strawberry-RUL-prediction\sample_data\raw_data\18-03-2026\cropped\frame-24_18-11-30.jpg,0.000000,0,2.099,0.000000,False,False,stable,C:\fluttersrc\Strawberry-RUL-prediction\sample_data\processed\segmented_18-03-2026\frame-25_18-26-30_strawberry_6.png,True,0.403050,1.000000,0.000000,0.403050,,ok
C:\fluttersrc\Strawberry-RUL-prediction\sample_data\raw_data\18-03-2026\cropped\frame-26_18-41-31.jpg,C:\fluttersrc\Strawberry-RUL-prediction\sample_data\raw_data\18-03-2026\cropped\frame-25_18-26-30.jpg,0.000000,0,3.140,0.000000,False,False,stable,C:\fluttersrc\Strawberry-RUL-prediction\sample_data\processed\segmented_18-03-2026\frame-26_18-41-31_strawberry_1.png,True,0.418891,1.000000,0.000000,0.418891,,ok
C:\fluttersrc\Strawberry-RUL-prediction\sample_data\raw_data\18-03-2026\cropped\frame-26_18-41-31.jpg,C:\fluttersrc\Strawberry-RUL-prediction\sample_data\raw_data\18-03-2026\cropped\frame-25_18-26-30.jpg,0.000000,0,3.140,0.000000,False,False,stable,C:\fluttersrc\Strawberry-RUL-prediction\sample_data\processed\segmented_18-03-2026\frame-26_18-41-31_strawberry_2.png,True,0.360148,1.000000,0.000000,0.360148,,ok
C:\fluttersrc\Strawberry-RUL-prediction\sample_data\raw_data\18-03-2026\cropped\frame-26_18-41-31.jpg,C:\fluttersrc\Strawberry-RUL-prediction\sample_data\raw_data\18-03-2026\cropped\frame-25_18-26-30.jpg,0.000000,0,3.140,0.000000,False,False,stable,C:\fluttersrc\Strawberry-RUL-prediction\sample_data\processed\segmented_18-03-2026\frame-26_18-41-31_strawberry_3.png,True,0.370129,1.000000,0.000000,0.370129,,ok
C:\fluttersrc\Strawberry-RUL-prediction\sample_data\raw_data\18-03-2026\cropped\frame-26_18-41-31.jpg,C:\fluttersrc\Strawberry-RUL-prediction\sample_data\raw_data\18-03-2026\cropped\frame-25_18-26-30.jpg,0.000000,0,3.140,0.000000,False,False,stable,C:\fluttersrc\Strawberry-RUL-prediction\sample_data\processed\segmented_18-03-2026\frame-26_18-41-31_strawberry_4.png,True,0.366793,1.000000,0.000000,0.366793,,ok
C:\fluttersrc\Strawberry-RUL-prediction\sample_data\raw_data\18-03-2026\cropped\frame-26_18-41-31.jpg,C:\fluttersrc\Strawberry-RUL-prediction\sample_data\raw_data\18-03-2026\cropped\frame-25_18-26-30.jpg,0.000000,0,3.140,0.000000,False,False,stable,C:\fluttersrc\Strawberry-RUL-prediction\sample_data\processed\segmented_18-03-2026\frame-26_18-41-31_strawberry_5.png,True,0.334743,1.000000,0.000000,0.334743,,ok
C:\fluttersrc\Strawberry-RUL-prediction\sample_data\raw_data\18-03-2026\cropped\frame-26_18-41-31.jpg,C:\fluttersrc\Strawberry-RUL-prediction\sample_data\raw_data\18-03-2026\cropped\frame-25_18-26-30.jpg,0.000000,0,3.140,0.000000,False,False,stable,C:\fluttersrc\Strawberry-RUL-prediction\sample_data\processed\segmented_18-03-2026\frame-26_18-41-31_strawberry_6.png,True,0.403692,1.000000,0.000000,0.403692,,ok
C:\fluttersrc\Strawberry-RUL-prediction\sample_data\raw_data\18-03-2026\cropped\frame-27_18-56-31.jpg,C:\fluttersrc\Strawberry-RUL-prediction\sample_data\raw_data\18-03-2026\cropped\frame-26_18-41-31.jpg,0.000000,0,2.769,0.000000,False,False,stable,C:\fluttersrc\Strawberry-RUL-prediction\sample_data\processed\segmented_18-03-2026\frame-27_18-56-31_strawberry_1.png,True,0.409834,1.000000,0.000000,0.409834,,ok
C:\fluttersrc\Strawberry-RUL-prediction\sample_data\raw_data\18-03-2026\cropped\frame-27_18-56-31.jpg,C:\fluttersrc\Strawberry-RUL-prediction\sample_data\raw_data\18-03-2026\cropped\frame-26_18-41-31.jpg,0.000000,0,2.769,0.000000,False,False,stable,C:\fluttersrc\Strawberry-RUL-prediction\sample_data\processed\segmented_18-03-2026\frame-27_18-56-31_strawberry_2.png,True,0.348141,1.000000,0.000000,0.348141,,ok
C:\fluttersrc\Strawberry-RUL-prediction\sample_data\raw_data\18-03-2026\cropped\frame-27_18-56-31.jpg,C:\fluttersrc\Strawberry-RUL-prediction\sample_data\raw_data\18-03-2026\cropped\frame-26_18-41-31.jpg,0.000000,0,2.769,0.000000,False,False,stable,C:\fluttersrc\Strawberry-RUL-prediction\sample_data\processed\segmented_18-03-2026\frame-27_18-56-31_strawberry_3.png,True,0.355789,1.000000,0.000000,0.355789,,ok
C:\fluttersrc\Strawberry-RUL-prediction\sample_data\raw_data\18-03-2026\cropped\frame-27_18-56-31.jpg,C:\fluttersrc\Strawberry-RUL-prediction\sample_data\raw_data\18-03-2026\cropped\frame-26_18-41-31.jpg,0.000000,0,2.769,0.000000,False,False,stable,C:\fluttersrc\Strawberry-RUL-prediction\sample_data\processed\segmented_18-03-2026\frame-27_18-56-31_strawberry_4.png,True,0.362979,1.000000,0.000000,0.362979,,ok
C:\fluttersrc\Strawberry-RUL-prediction\sample_data\raw_data\18-03-2026\cropped\frame-27_18-56-31.jpg,C:\fluttersrc\Strawberry-RUL-prediction\sample_data\raw_data\18-03-2026\cropped\frame-26_18-41-31.jpg,0.000000,0,2.769,0.000000,False,False,stable,C:\fluttersrc\Strawberry-RUL-prediction\sample_data\processed\segmented_18-03-2026\frame-27_18-56-31_strawberry_5.png,True,0.338849,1.000000,0.000000,0.338849,,ok
C:\fluttersrc\Strawberry-RUL-prediction\sample_data\raw_data\18-03-2026\cropped\frame-27_18-56-31.jpg,C:\fluttersrc\Strawberry-RUL-prediction\sample_data\raw_data\18-03-2026\cropped\frame-26_18-41-31.jpg,0.000000,0,2.769,0.000000,False,False,stable,C:\fluttersrc\Strawberry-RUL-prediction\sample_data\processed\segmented_18-03-2026\frame-27_18-56-31_strawberry_6.png,True,0.396630,1.000000,0.000000,0.396630,,ok
C:\fluttersrc\Strawberry-RUL-prediction\sample_data\raw_data\18-03-2026\cropped\frame-28_19-11-31.jpg,C:\fluttersrc\Strawberry-RUL-prediction\sample_data\raw_data\18-03-2026\cropped\frame-27_18-56-31.jpg,0.000000,0,4.165,0.000000,False,False,stable,C:\fluttersrc\Strawberry-RUL-prediction\sample_data\processed\segmented_18-03-2026\frame-28_19-11-31_strawberry_1.png,True,0.411051,1.000000,0.000000,0.411051,,ok
C:\fluttersrc\Strawberry-RUL-prediction\sample_data\raw_data\18-03-2026\cropped\frame-28_19-11-31.jpg,C:\fluttersrc\Strawberry-RUL-prediction\sample_data\raw_data\18-03-2026\cropped\frame-27_18-56-31.jpg,0.000000,0,4.165,0.000000,False,False,stable,C:\fluttersrc\Strawberry-RUL-prediction\sample_data\processed\segmented_18-03-2026\frame-28_19-11-31_strawberry_2.png,True,0.361842,1.000000,0.000000,0.361842,,ok
C:\fluttersrc\Strawberry-RUL-prediction\sample_data\raw_data\18-03-2026\cropped\frame-28_19-11-31.jpg,C:\fluttersrc\Strawberry-RUL-prediction\sample_data\raw_data\18-03-2026\cropped\frame-27_18-56-31.jpg,0.000000,0,4.165,0.000000,False,False,stable,C:\fluttersrc\Strawberry-RUL-prediction\sample_data\processed\segmented_18-03-2026\frame-28_19-11-31_strawberry_3.png,True,0.360998,1.000000,0.000000,0.360998,,ok
C:\fluttersrc\Strawberry-RUL-prediction\sample_data\raw_data\18-03-2026\cropped\frame-28_19-11-31.jpg,C:\fluttersrc\Strawberry-RUL-prediction\sample_data\raw_data\18-03-2026\cropped\frame-27_18-56-31.jpg,0.000000,0,4.165,0.000000,False,False,stable,C:\fluttersrc\Strawberry-RUL-prediction\sample_data\processed\segmented_18-03-2026\frame-28_19-11-31_strawberry_4.png,True,0.378593,1.000000,0.000000,0.378593,,ok
C:\fluttersrc\Strawberry-RUL-prediction\sample_data\raw_data\18-03-2026\cropped\frame-28_19-11-31.jpg,C:\fluttersrc\Strawberry-RUL-prediction\sample_data\raw_data\18-03-2026\cropped\frame-27_18-56-31.jpg,0.000000,0,4.165,0.000000,False,False,stable,C:\fluttersrc\Strawberry-RUL-prediction\sample_data\processed\segmented_18-03-2026\frame-28_19-11-31_strawberry_5.png,True,0.337870,1.000000,0.000000,0.337870,,ok
C:\fluttersrc\Strawberry-RUL-prediction\sample_data\raw_data\18-03-2026\cropped\frame-28_19-11-31.jpg,C:\fluttersrc\Strawberry-RUL-prediction\sample_data\raw_data\18-03-2026\cropped\frame-27_18-56-31.jpg,0.000000,0,4.165,0.000000,False,False,stable,C:\fluttersrc\Strawberry-RUL-prediction\sample_data\processed\segmented_18-03-2026\frame-28_19-11-31_strawberry_6.png,True,0.401417,1.000000,0.000000,0.401417,,ok
C:\fluttersrc\Strawberry-RUL-prediction\sample_data\raw_data\18-03-2026\cropped\frame-29_19-26-31.jpg,C:\fluttersrc\Strawberry-RUL-prediction\sample_data\raw_data\18-03-2026\cropped\frame-28_19-11-31.jpg,0.000000,0,2.257,0.000000,False,False,stable,C:\fluttersrc\Strawberry-RUL-prediction\sample_data\processed\segmented_18-03-2026\frame-29_19-26-31_strawberry_1.png,True,0.410256,1.000000,0.000000,0.410256,,ok
C:\fluttersrc\Strawberry-RUL-prediction\sample_data\raw_data\18-03-2026\cropped\frame-29_19-26-31.jpg,C:\fluttersrc\Strawberry-RUL-prediction\sample_data\raw_data\18-03-2026\cropped\frame-28_19-11-31.jpg,0.000000,0,2.257,0.000000,False,False,stable,C:\fluttersrc\Strawberry-RUL-prediction\sample_data\processed\segmented_18-03-2026\frame-29_19-26-31_strawberry_2.png,True,0.359647,1.000000,0.000000,0.359647,,ok
C:\fluttersrc\Strawberry-RUL-prediction\sample_data\raw_data\18-03-2026\cropped\frame-29_19-26-31.jpg,C:\fluttersrc\Strawberry-RUL-prediction\sample_data\raw_data\18-03-2026\cropped\frame-28_19-11-31.jpg,0.000000,0,2.257,0.000000,False,False,stable,C:\fluttersrc\Strawberry-RUL-prediction\sample_data\processed\segmented_18-03-2026\frame-29_19-26-31_strawberry_3.png,True,0.354638,1.000000,0.000000,0.354638,,ok
C:\fluttersrc\Strawberry-RUL-prediction\sample_data\raw_data\18-03-2026\cropped\frame-29_19-26-31.jpg,C:\fluttersrc\Strawberry-RUL-prediction\sample_data\raw_data\18-03-2026\cropped\frame-28_19-11-31.jpg,0.000000,0,2.257,0.000000,False,False,stable,C:\fluttersrc\Strawberry-RUL-prediction\sample_data\processed\segmented_18-03-2026\frame-29_19-26-31_strawberry_4.png,True,0.331153,1.000000,0.000000,0.331153,,ok
C:\fluttersrc\Strawberry-RUL-prediction\sample_data\raw_data\18-03-2026\cropped\frame-29_19-26-31.jpg,C:\fluttersrc\Strawberry-RUL-prediction\sample_data\raw_data\18-03-2026\cropped\frame-28_19-11-31.jpg,0.000000,0,2.257,0.000000,False,False,stable,C:\fluttersrc\Strawberry-RUL-prediction\sample_data\processed\segmented_18-03-2026\frame-29_19-26-31_strawberry_5.png,True,0.370236,1.000000,0.000000,0.370236,,ok
C:\fluttersrc\Strawberry-RUL-prediction\sample_data\raw_data\18-03-2026\cropped\frame-29_19-26-31.jpg,C:\fluttersrc\Strawberry-RUL-prediction\sample_data\raw_data\18-03-2026\cropped\frame-28_19-11-31.jpg,0.000000,0,2.257,0.000000,False,False,stable,C:\fluttersrc\Strawberry-RUL-prediction\sample_data\processed\segmented_18-03-2026\frame-29_19-26-31_strawberry_6.png,True,0.396573,1.000000,0.000000,0.396573,,ok
C:\fluttersrc\Strawberry-RUL-prediction\sample_data\raw_data\18-03-2026\cropped\frame-30_19-41-31.jpg,C:\fluttersrc\Strawberry-RUL-prediction\sample_data\raw_data\18-03-2026\cropped\frame-29_19-26-31.jpg,0.000000,0,3.263,0.000000,False,False,stable,C:\fluttersrc\Strawberry-RUL-prediction\sample_data\processed\segmented_18-03-2026\frame-30_19-41-31_strawberry_1.png,True,0.418396,1.000000,0.000000,0.418396,,ok
C:\fluttersrc\Strawberry-RUL-prediction\sample_data\raw_data\18-03-2026\cropped\frame-30_19-41-31.jpg,C:\fluttersrc\Strawberry-RUL-prediction\sample_data\raw_data\18-03-2026\cropped\frame-29_19-26-31.jpg,0.000000,0,3.263,0.000000,False,False,stable,C:\fluttersrc\Strawberry-RUL-prediction\sample_data\processed\segmented_18-03-2026\frame-30_19-41-31_strawberry_2.png,True,0.358989,1.000000,0.000000,0.358989,,ok
C:\fluttersrc\Strawberry-RUL-prediction\sample_data\raw_data\18-03-2026\cropped\frame-30_19-41-31.jpg,C:\fluttersrc\Strawberry-RUL-prediction\sample_data\raw_data\18-03-2026\cropped\frame-29_19-26-31.jpg,0.000000,0,3.263,0.000000,False,False,stable,C:\fluttersrc\Strawberry-RUL-prediction\sample_data\processed\segmented_18-03-2026\frame-30_19-41-31_strawberry_3.png,True,0.366390,1.000000,0.000000,0.366390,,ok
C:\fluttersrc\Strawberry-RUL-prediction\sample_data\raw_data\18-03-2026\cropped\frame-30_19-41-31.jpg,C:\fluttersrc\Strawberry-RUL-prediction\sample_data\raw_data\18-03-2026\cropped\frame-29_19-26-31.jpg,0.000000,0,3.263,0.000000,False,False,stable,C:\fluttersrc\Strawberry-RUL-prediction\sample_data\processed\segmented_18-03-2026\frame-30_19-41-31_strawberry_4.png,True,0.368097,1.000000,0.000000,0.368097,,ok
C:\fluttersrc\Strawberry-RUL-prediction\sample_data\raw_data\18-03-2026\cropped\frame-30_19-41-31.jpg,C:\fluttersrc\Strawberry-RUL-prediction\sample_data\raw_data\18-03-2026\cropped\frame-29_19-26-31.jpg,0.000000,0,3.263,0.000000,False,False,stable,C:\fluttersrc\Strawberry-RUL-prediction\sample_data\processed\segmented_18-03-2026\frame-30_19-41-31_strawberry_5.png,True,0.316421,1.000000,0.000000,0.316421,,ok
C:\fluttersrc\Strawberry-RUL-prediction\sample_data\raw_data\18-03-2026\cropped\frame-30_19-41-31.jpg,C:\fluttersrc\Strawberry-RUL-prediction\sample_data\raw_data\18-03-2026\cropped\frame-29_19-26-31.jpg,0.000000,0,3.263,0.000000,False,False,stable,C:\fluttersrc\Strawberry-RUL-prediction\sample_data\processed\segmented_18-03-2026\frame-30_19-41-31_strawberry_6.png,True,0.401568,1.000000,0.000000,0.401568,,ok
C:\fluttersrc\Strawberry-RUL-prediction\sample_data\raw_data\18-03-2026\cropped\frame-31_19-56-31.jpg,C:\fluttersrc\Strawberry-RUL-prediction\sample_data\raw_data\18-03-2026\cropped\frame-30_19-41-31.jpg,0.000000,0,2.458,0.000000,False,False,stable,C:\fluttersrc\Strawberry-RUL-prediction\sample_data\processed\segmented_18-03-2026\frame-31_19-56-31_strawberry_1.png,True,0.409185,1.000000,0.000000,0.409185,,ok
C:\fluttersrc\Strawberry-RUL-prediction\sample_data\raw_data\18-03-2026\cropped\frame-31_19-56-31.jpg,C:\fluttersrc\Strawberry-RUL-prediction\sample_data\raw_data\18-03-2026\cropped\frame-30_19-41-31.jpg,0.000000,0,2.458,0.000000,False,False,stable,C:\fluttersrc\Strawberry-RUL-prediction\sample_data\processed\segmented_18-03-2026\frame-31_19-56-31_strawberry_2.png,True,0.360083,1.000000,0.000000,0.360083,,ok
C:\fluttersrc\Strawberry-RUL-prediction\sample_data\raw_data\18-03-2026\cropped\frame-31_19-56-31.jpg,C:\fluttersrc\Strawberry-RUL-prediction\sample_data\raw_data\18-03-2026\cropped\frame-30_19-41-31.jpg,0.000000,0,2.458,0.000000,False,False,stable,C:\fluttersrc\Strawberry-RUL-prediction\sample_data\processed\segmented_18-03-2026\frame-31_19-56-31_strawberry_3.png,True,0.353805,1.000000,0.000000,0.353805,,ok
C:\fluttersrc\Strawberry-RUL-prediction\sample_data\raw_data\18-03-2026\cropped\frame-31_19-56-31.jpg,C:\fluttersrc\Strawberry-RUL-prediction\sample_data\raw_data\18-03-2026\cropped\frame-30_19-41-31.jpg,0.000000,0,2.458,0.000000,False,False,stable,C:\fluttersrc\Strawberry-RUL-prediction\sample_data\processed\segmented_18-03-2026\frame-31_19-56-31_strawberry_4.png,True,0.368508,1.000000,0.000000,0.368508,,ok
C:\fluttersrc\Strawberry-RUL-prediction\sample_data\raw_data\18-03-2026\cropped\frame-31_19-56-31.jpg,C:\fluttersrc\Strawberry-RUL-prediction\sample_data\raw_data\18-03-2026\cropped\frame-30_19-41-31.jpg,0.000000,0,2.458,0.000000,False,False,stable,C:\fluttersrc\Strawberry-RUL-prediction\sample_data\processed\segmented_18-03-2026\frame-31_19-56-31_strawberry_5.png,True,0.326766,1.000000,0.000000,0.326766,,ok
C:\fluttersrc\Strawberry-RUL-prediction\sample_data\raw_data\18-03-2026\cropped\frame-31_19-56-31.jpg,C:\fluttersrc\Strawberry-RUL-prediction\sample_data\raw_data\18-03-2026\cropped\frame-30_19-41-31.jpg,0.000000,0,2.458,0.000000,False,False,stable,C:\fluttersrc\Strawberry-RUL-prediction\sample_data\processed\segmented_18-03-2026\frame-31_19-56-31_strawberry_6.png,True,0.401829,1.000000,0.000000,0.401829,,ok
