image_id,relative_path,parent_folder,filename,file_stem,extension,file_size_bytes,created_time,modified_time,is_readable,read_error,width,height,channels,color_mode,mean_r,mean_g,mean_b,std_r,std_g,std_b,min_r,min_g,min_b,max_r,max_g,max_b,brightness_mean,brightness_std,image_hash,naming_rule_matched,naming_rule_error,parsed_sample_id
1,data/01_raw_dev_sample/avocado_n100_seed20260629/avocado/output/webcam_2026-06-15_02-30-44.jpg,output,webcam_2026-06-15_02-30-44.jpg,webcam_2026-06-15_02-30-44,.jpg,193659,2026-06-29T08:49:06.064300+00:00,2026-06-29T06:15:27.587800+00:00,True,,1920,1080,3,RGB,137.06900024414062,134.03530883789062,129.78826904296875,57.2525520324707,55.545448303222656,63.80055618286133,8,0,0,248,236,243,134.45823669433594,56.798038482666016,1c8b20e70b9bdf8e49b49d44a518e39eb7d2116597ebad4cc8d66b6b19073e2d,True,,webcam_2026-06-15_02-30-44
2,data/01_raw_dev_sample/avocado_n100_seed20260629/avocado/output/webcam_2026-06-15_03-30-44.jpg,output,webcam_2026-06-15_03-30-44.jpg,webcam_2026-06-15_03-30-44,.jpg,194441,2026-06-29T08:49:06.064300+00:00,2026-06-29T06:15:27.232276+00:00,True,,1920,1080,3,RGB,137.11965942382812,134.26124572753906,129.87303161621094,57.446044921875,55.63829803466797,63.94513702392578,1,0,0,247,236,239,134.61566162109375,56.926326751708984,5ce08704ee86175fbabfbba347e0ff0a810e11bc409bc688bc2c229735345bfb,True,,webcam_2026-06-15_03-30-44
3,data/01_raw_dev_sample/avocado_n100_seed20260629/avocado/output/webcam_2026-06-15_05-30-44.jpg,output,webcam_2026-06-15_05-30-44.jpg,webcam_2026-06-15_05-30-44,.jpg,192970,2026-06-29T08:49:06.073688+00:00,2026-06-29T06:15:27.511885+00:00,True,,1920,1080,3,RGB,137.52252197265625,134.5565948486328,130.2618865966797,57.40597915649414,55.618404388427734,63.865291595458984,8,0,0,246,235,239,134.95379638671875,56.89491271972656,9e6ec3e3d9b27f24132820edcd0c5c4f27a39f66f16523089889883cf1b6792e,True,,webcam_2026-06-15_05-30-44
4,data/01_raw_dev_sample/avocado_n100_seed20260629/avocado/output/webcam_2026-06-15_06-30-44.jpg,output,webcam_2026-06-15_06-30-44.jpg,webcam_2026-06-15_06-30-44,.jpg,193574,2026-06-29T08:49:06.075568+00:00,2026-06-29T06:15:27.618694+00:00,True,,1920,1080,3,RGB,137.4130401611328,134.57302856445312,130.15228271484375,57.4728889465332,55.676055908203125,63.965362548828125,8,0,0,242,234,239,134.918212890625,56.958885192871094,a58a9efafb11986fd7069569ca824190cc2054cdfdc4487bd51651afccf6cf95,True,,webcam_2026-06-15_06-30-44
5,data/01_raw_dev_sample/avocado_n100_seed20260629/avocado/output/webcam_2026-06-15_06-45-44.jpg,output,webcam_2026-06-15_06-45-44.jpg,webcam_2026-06-15_06-45-44,.jpg,193022,2026-06-29T08:49:06.075568+00:00,2026-06-29T06:15:27.607698+00:00,True,,1920,1080,3,RGB,137.4808349609375,134.59889221191406,130.19813537597656,57.47146224975586,55.69660949707031,64.01490020751953,9,0,0,247,240,239,134.9588623046875,56.97772979736328,c571623e4ed384e56b3550f69a62831b471eec783d56132abb7f919f949e73eb,True,,webcam_2026-06-15_06-45-44
6,data/01_raw_dev_sample/avocado_n100_seed20260629/avocado/output/webcam_2026-06-15_07-15-44.jpg,output,webcam_2026-06-15_07-15-44.jpg,webcam_2026-06-15_07-15-44,.jpg,192516,2026-06-29T08:49:06.075568+00:00,2026-06-29T06:15:27.057762+00:00,True,,1920,1080,3,RGB,137.50509643554688,134.6671142578125,130.3043212890625,57.53921127319336,55.66884231567383,63.980796813964844,5,0,0,245,239,243,135.01824951171875,56.97634506225586,5cf5a0cfc52f093de8f969fc0e20eb6dad44873ff66928ec13c7c78f7c07732d,True,,webcam_2026-06-15_07-15-44
7,data/01_raw_dev_sample/avocado_n100_seed20260629/avocado/output/webcam_2026-06-15_14-15-44.jpg,output,webcam_2026-06-15_14-15-44.jpg,webcam_2026-06-15_14-15-44,.jpg,190613,2026-06-29T08:49:06.075568+00:00,2026-06-29T06:15:27.140835+00:00,True,,1920,1080,3,RGB,137.8972625732422,135.01800537109375,130.66392517089844,57.4380989074707,55.61322784423828,63.84992599487305,9,0,0,252,237,240,135.38255310058594,56.898101806640625,de2f62b4f9088cde4009fce11447d058e7f0959f176c71bab3563d2ba1bf1ea2,True,,webcam_2026-06-15_14-15-44
8,data/01_raw_dev_sample/avocado_n100_seed20260629/avocado/output/webcam_2026-06-15_14-30-44.jpg,output,webcam_2026-06-15_14-30-44.jpg,webcam_2026-06-15_14-30-44,.jpg,190022,2026-06-29T08:49:06.084196+00:00,2026-06-29T06:15:26.979326+00:00,True,,1920,1080,3,RGB,137.94703674316406,135.02890014648438,130.6912384033203,57.401023864746094,55.62644577026367,63.87904357910156,10,0,0,251,236,239,135.40696716308594,56.900299072265625,5f58e57e154b8b191b900a4ea8db61daa1247f1a1a50a65bc85d5601ffcd86e8,True,,webcam_2026-06-15_14-30-44
9,data/01_raw_dev_sample/avocado_n100_seed20260629/avocado/output/webcam_2026-06-15_15-30-44.jpg,output,webcam_2026-06-15_15-30-44.jpg,webcam_2026-06-15_15-30-44,.jpg,190788,2026-06-29T08:49:06.084196+00:00,2026-06-29T06:15:27.477870+00:00,True,,1920,1080,3,RGB,138.20474243164062,135.19439697265625,130.93763732910156,57.263919830322266,55.59829330444336,63.749977111816406,8,0,0,245,235,241,135.60919189453125,56.82630157470703,6f6e044f13413208671ab98509d2315d593336dee1b62a44cd76ec7622f57051,True,,webcam_2026-06-15_15-30-44
10,data/01_raw_dev_sample/avocado_n100_seed20260629/avocado/output/webcam_2026-06-15_16-45-44.jpg,output,webcam_2026-06-15_16-45-44.jpg,webcam_2026-06-15_16-45-44,.jpg,190358,2026-06-29T08:49:06.088780+00:00,2026-06-29T06:15:27.342102+00:00,True,,1920,1080,3,RGB,138.1166534423828,135.1910400390625,130.889892578125,57.368133544921875,55.60919189453125,63.83129119873047,8,0,0,255,238,242,135.575439453125,56.87366485595703,ddfe89dc0dd9e788213d9c7001959094540e388cdfe0838f59dee5200f19e225,True,,webcam_2026-06-15_16-45-44
11,data/01_raw_dev_sample/avocado_n100_seed20260629/avocado/output/webcam_2026-06-15_17-30-44.jpg,output,webcam_2026-06-15_17-30-44.jpg,webcam_2026-06-15_17-30-44,.jpg,189941,2026-06-29T08:49:06.091139+00:00,2026-06-29T06:15:27.298910+00:00,True,,1920,1080,3,RGB,138.1670684814453,135.25157165527344,130.89663696289062,57.335784912109375,55.599342346191406,63.80416488647461,8,0,0,245,237,239,135.6267547607422,56.856510162353516,6beb21e5d8b40cfa7bd73912ad14b603c553769d65cf8d0ae5d0a52ec8804a63,True,,webcam_2026-06-15_17-30-44
12,data/01_raw_dev_sample/avocado_n100_seed20260629/avocado/output/webcam_2026-06-15_17-45-44.jpg,output,webcam_2026-06-15_17-45-44.jpg,webcam_2026-06-15_17-45-44,.jpg,189486,2026-06-29T08:49:06.094171+00:00,2026-06-29T06:15:27.487570+00:00,True,,1920,1080,3,RGB,138.39581298828125,135.3521270751953,131.0642547607422,57.255374908447266,55.56827163696289,63.74790573120117,9,0,0,249,236,241,135.77328491210938,56.80693435668945,624044bbad28d5a01ded148705a08a77bc005e1499d574cf21eb7d1dae14d376,True,,webcam_2026-06-15_17-45-44
13,data/01_raw_dev_sample/avocado_n100_seed20260629/avocado/output/webcam_2026-06-15_19-45-44.jpg,output,webcam_2026-06-15_19-45-44.jpg,webcam_2026-06-15_19-45-44,.jpg,189151,2026-06-29T08:49:06.095560+00:00,2026-06-29T06:15:26.928922+00:00,True,,1920,1080,3,RGB,138.54217529296875,135.4830322265625,131.24649047851562,57.20064163208008,55.55295181274414,63.695823669433594,7,0,0,253,237,240,135.91470336914062,56.777408599853516,e8c5a8eebff30d89870d22cceb2e94a72a6e3f2a2f63bfa35f155dcf1de7fe59,True,,webcam_2026-06-15_19-45-44
14,data/01_raw_dev_sample/avocado_n100_seed20260629/avocado/output/webcam_2026-06-15_21-00-44.jpg,output,webcam_2026-06-15_21-00-44.jpg,webcam_2026-06-15_21-00-44,.jpg,189119,2026-06-29T08:49:06.095560+00:00,2026-06-29T06:15:26.781752+00:00,True,,1920,1080,3,RGB,138.39894104003906,135.47378540039062,131.16384887695312,57.34775924682617,55.574623107910156,63.829410552978516,6,0,0,252,238,242,135.85707092285156,56.847591400146484,5e34d2596785d454bac38c2a6299d0544312a0ccae50955540e841e2bcb1c787,True,,webcam_2026-06-15_21-00-44
15,data/01_raw_dev_sample/avocado_n100_seed20260629/avocado/output/webcam_2026-06-16_02-30-44.jpg,output,webcam_2026-06-16_02-30-44.jpg,webcam_2026-06-16_02-30-44,.jpg,187943,2026-06-29T08:49:06.106934+00:00,2026-06-29T06:15:26.007924+00:00,True,,1920,1080,3,RGB,139.06446838378906,136.01809692382812,131.8444061279297,57.213829040527344,55.52359390258789,63.77307891845703,9,0,0,250,236,240,136.4532012939453,56.76475143432617,4f154cb322771b9ae3c9e6591951b4cf0b77d9d55697d3fd32526decb10706f5,True,,webcam_2026-06-16_02-30-44
16,data/01_raw_dev_sample/avocado_n100_seed20260629/avocado/output/webcam_2026-06-16_07-00-44.jpg,output,webcam_2026-06-16_07-00-44.jpg,webcam_2026-06-16_07-00-44,.jpg,187787,2026-06-29T08:49:06.126204+00:00,2026-06-29T06:15:25.875130+00:00,True,,1920,1080,3,RGB,139.4483642578125,136.39292907714844,132.16058349609375,57.217613220214844,55.52415466308594,63.84030532836914,9,0,0,247,234,241,136.82403564453125,56.77547836303711,dbd78dfc54d8389a0002b8ab5dee0ff5050f9d574ca4d61ecc7bca52a70d1385,True,,webcam_2026-06-16_07-00-44
17,data/01_raw_dev_sample/avocado_n100_seed20260629/avocado/output/webcam_2026-06-16_12-00-44.jpg,output,webcam_2026-06-16_12-00-44.jpg,webcam_2026-06-16_12-00-44,.jpg,187167,2026-06-29T08:49:06.137307+00:00,2026-06-29T06:15:25.938975+00:00,True,,1920,1080,3,RGB,140.2924346923828,137.12911987304688,132.9351348876953,57.1254768371582,55.56657409667969,63.80736541748047,4,0,0,246,236,243,137.59677124023438,56.76866912841797,fa5a03546a22ea3906e3ee89b5eff14490cdb848fedbb7730ffb4f602d30adc2,True,,webcam_2026-06-16_12-00-44
18,data/01_raw_dev_sample/avocado_n100_seed20260629/avocado/output/webcam_2026-06-16_12-45-44.jpg,output,webcam_2026-06-16_12-45-44.jpg,webcam_2026-06-16_12-45-44,.jpg,186294,2026-06-29T08:49:06.155989+00:00,2026-06-29T06:15:25.816942+00:00,True,,1920,1080,3,RGB,140.35125732421875,137.18569946289062,133.01979064941406,57.14239501953125,55.556312561035156,63.78997802734375,9,0,0,247,236,240,137.65725708007812,56.765743255615234,9044b2d6a094c3c50bcf319f8d110314d5a80a40016fc6f1347e86b98f86028a,True,,webcam_2026-06-16_12-45-44
19,data/01_raw_dev_sample/avocado_n100_seed20260629/avocado/output/webcam_2026-06-16_16-00-44.jpg,output,webcam_2026-06-16_16-00-44.jpg,webcam_2026-06-16_16-00-44,.jpg,186974,2026-06-29T08:49:06.164575+00:00,2026-06-29T06:15:25.788990+00:00,True,,1920,1080,3,RGB,143.7823486328125,141.1017303466797,136.76864624023438,58.651737213134766,56.71546936035156,65.71736907958984,9,0,0,254,241,247,141.40921020507812,58.11061096191406,1a31ce5b68bb28f4552e9f2d924b88d4485f6b867a0987ec6c29ec65ad900394,True,,webcam_2026-06-16_16-00-44
20,data/01_raw_dev_sample/avocado_n100_seed20260629/avocado/output/webcam_2026-06-16_16-30-44.jpg,output,webcam_2026-06-16_16-30-44.jpg,webcam_2026-06-16_16-30-44,.jpg,186241,2026-06-29T08:49:06.179783+00:00,2026-06-29T06:15:26.538959+00:00,True,,1920,1080,3,RGB,143.99436950683594,141.1743621826172,136.97052001953125,58.51405715942383,56.67674255371094,65.60292053222656,8,0,0,255,243,249,141.53829956054688,58.03425979614258,44ff1369e4717f0c428dc221f870a7ae491dd825c2de5542fae1680fd6223c57,True,,webcam_2026-06-16_16-30-44
21,data/01_raw_dev_sample/avocado_n100_seed20260629/avocado/output/webcam_2026-06-16_17-30-44.jpg,output,webcam_2026-06-16_17-30-44.jpg,webcam_2026-06-16_17-30-44,.jpg,187239,2026-06-29T08:49:06.194161+00:00,2026-06-29T06:15:26.527970+00:00,True,,1920,1080,3,RGB,143.9054412841797,141.18472290039062,136.89837646484375,58.5766716003418,56.70792007446289,65.73140716552734,12,0,0,253,242,247,141.50955200195312,58.08552932739258,539d7e963a3c86f6aa875aed023a82c48f984655ffe9fe525e75aaceb7722adb,True,,webcam_2026-06-16_17-30-44
22,data/01_raw_dev_sample/avocado_n100_seed20260629/avocado/output/webcam_2026-06-16_20-45-44.jpg,output,webcam_2026-06-16_20-45-44.jpg,webcam_2026-06-16_20-45-44,.jpg,186305,2026-06-29T08:49:06.204485+00:00,2026-06-29T06:15:26.231194+00:00,True,,1920,1080,3,RGB,144.32801818847656,141.46783447265625,137.1953887939453,58.44746398925781,56.690635681152344,65.6276626586914,12,0,0,255,244,249,141.83584594726562,58.02663803100586,cd63f8dd9b58cef97e1ba971fc63890d32877b43d896add10f0458e3bea37052,True,,webcam_2026-06-16_20-45-44
23,data/01_raw_dev_sample/avocado_n100_seed20260629/avocado/output/webcam_2026-06-16_22-15-44.jpg,output,webcam_2026-06-16_22-15-44.jpg,webcam_2026-06-16_22-15-44,.jpg,180094,2026-06-29T08:49:06.217784+00:00,2026-06-29T06:15:25.723297+00:00,True,,1920,1080,3,RGB,137.6974639892578,134.89260864257812,131.0459442138672,56.01042938232422,54.47376251220703,62.89710998535156,1,0,0,240,230,242,135.29270935058594,55.694068908691406,fa680b6abe909de26053acc251d0123d5dae6e6a2e4705dbef16b242400a24ec,True,,webcam_2026-06-16_22-15-44
24,data/01_raw_dev_sample/avocado_n100_seed20260629/avocado/output/webcam_2026-06-16_23-15-44.jpg,output,webcam_2026-06-16_23-15-44.jpg,webcam_2026-06-16_23-15-44,.jpg,145045,2026-06-29T08:49:06.233334+00:00,2026-06-29T06:15:25.836782+00:00,True,,1920,1080,3,RGB,137.50111389160156,134.7751007080078,131.56126403808594,56.2934455871582,55.20859146118164,63.18878173828125,4,0,0,245,233,240,135.2238006591797,56.253055572509766,a2b2e98c29b9587189b046ddec617873d817482d4187b62ecd3dfa83a210ad76,True,,webcam_2026-06-16_23-15-44
25,data/01_raw_dev_sample/avocado_n100_seed20260629/avocado/output/webcam_2026-06-17_01-00-44.jpg,output,webcam_2026-06-17_01-00-44.jpg,webcam_2026-06-17_01-00-44,.jpg,144693,2026-06-29T08:49:06.245743+00:00,2026-06-29T06:15:26.377602+00:00,True,,1920,1080,3,RGB,137.33949279785156,134.5807647705078,131.31971740722656,56.1284294128418,55.103729248046875,63.02497482299805,4,0,0,242,232,235,135.03387451171875,56.12430953979492,cb3eb724503cc16247bbce6b15f674b05044e35bd7925f00ae30d9bb50a430f5,True,,webcam_2026-06-17_01-00-44
26,data/01_raw_dev_sample/avocado_n100_seed20260629/avocado/output/webcam_2026-06-17_09-30-44.jpg,output,webcam_2026-06-17_09-30-44.jpg,webcam_2026-06-17_09-30-44,.jpg,143967,2026-06-29T08:49:06.255731+00:00,2026-06-29T06:15:25.562068+00:00,True,,1920,1080,3,RGB,137.92359924316406,135.00074768066406,131.80381774902344,55.922386169433594,55.05773162841797,62.8907356262207,0,0,0,243,236,241,135.51031494140625,56.020206451416016,b11d5a473bed7083deb18424c5c505c6e2e4cc9ea9bcceffa99e627083c8b75a,True,,webcam_2026-06-17_09-30-44
27,data/01_raw_dev_sample/avocado_n100_seed20260629/avocado/output/webcam_2026-06-17_11-15-44.jpg,output,webcam_2026-06-17_11-15-44.jpg,webcam_2026-06-17_11-15-44,.jpg,143820,2026-06-29T08:49:06.274553+00:00,2026-06-29T06:15:25.262451+00:00,True,,1920,1080,3,RGB,137.83615112304688,134.9542999267578,131.75450134277344,56.02117919921875,55.109046936035156,62.96971893310547,2,0,0,241,234,237,135.45115661621094,56.08768844604492,7d613f3da644516c8aee9a01b218dbd9e6a4004c85a35c9eff3a31f801585228,True,,webcam_2026-06-17_11-15-44
28,data/01_raw_dev_sample/avocado_n100_seed20260629/avocado/output/webcam_2026-06-17_11-30-44.jpg,output,webcam_2026-06-17_11-30-44.jpg,webcam_2026-06-17_11-30-44,.jpg,143977,2026-06-29T08:49:06.285829+00:00,2026-06-29T06:15:25.087121+00:00,True,,1920,1080,3,RGB,137.78997802734375,134.959716796875,131.78558349609375,56.087867736816406,55.10621643066406,62.977378845214844,1,0,0,241,231,237,135.44415283203125,56.10527038574219,af6cecc1a00e46dd9a250380220532e2b06c89ed1834b31f95427262ded7b6f7,True,,webcam_2026-06-17_11-30-44
29,data/01_raw_dev_sample/avocado_n100_seed20260629/avocado/output/webcam_2026-06-17_17-15-44.jpg,output,webcam_2026-06-17_17-15-44.jpg,webcam_2026-06-17_17-15-44,.jpg,143613,2026-06-29T08:49:06.294416+00:00,2026-06-29T06:15:24.757741+00:00,True,,1920,1080,3,RGB,138.34535217285156,135.34426879882812,132.24378967285156,55.8778190612793,55.09500503540039,62.85209655761719,0,0,0,236,229,236,135.88809204101562,56.022701263427734,0b0883e1b01e8d294985957d811aea239dc2490aa536dc3a6039392490ab4f86,True,,webcam_2026-06-17_17-15-44
30,data/01_raw_dev_sample/avocado_n100_seed20260629/avocado/output/webcam_2026-06-17_17-30-44.jpg,output,webcam_2026-06-17_17-30-44.jpg,webcam_2026-06-17_17-30-44,.jpg,143818,2026-06-29T08:49:06.307480+00:00,2026-06-29T06:15:24.811229+00:00,True,,1920,1080,3,RGB,138.1916961669922,135.2560577392578,132.10922241210938,55.95618438720703,55.145545959472656,62.956520080566406,1,0,0,242,229,234,135.77503967285156,56.087650299072266,0eccce72176cde511dd7a2ccdae773d7c2f81a5393c6aa9bcedf566a95d53e77,True,,webcam_2026-06-17_17-30-44
31,data/01_raw_dev_sample/avocado_n100_seed20260629/avocado/output/webcam_2026-06-17_19-45-44.jpg,output,webcam_2026-06-17_19-45-44.jpg,webcam_2026-06-17_19-45-44,.jpg,143837,2026-06-29T08:49:06.321334+00:00,2026-06-29T06:15:24.747740+00:00,True,,1920,1080,3,RGB,138.5084991455078,135.43226623535156,132.3804473876953,55.849449157714844,55.1337890625,62.85107421875,1,0,0,240,229,235,136.00413513183594,56.03733825683594,ca04d51f83d692f39194c88026d26a6f934f19c08bc7c102b42da2e19c8d9445,True,,webcam_2026-06-17_19-45-44
32,data/01_raw_dev_sample/avocado_n100_seed20260629/avocado/output/webcam_2026-06-17_21-15-44.jpg,output,webcam_2026-06-17_21-15-44.jpg,webcam_2026-06-17_21-15-44,.jpg,143394,2026-06-29T08:49:06.333495+00:00,2026-06-29T06:15:25.488602+00:00,True,,1920,1080,3,RGB,138.54664611816406,135.50633239746094,132.38119506835938,55.84232711791992,55.16054916381836,62.842864990234375,0,0,0,239,229,235,136.0591278076172,56.050750732421875,a281d01ef35dfee401db0e9b72e3a44d7da9de44151c4bc6d174b941faaae416,True,,webcam_2026-06-17_21-15-44
33,data/01_raw_dev_sample/avocado_n100_seed20260629/avocado/output/webcam_2026-06-17_22-00-44.jpg,output,webcam_2026-06-17_22-00-44.jpg,webcam_2026-06-17_22-00-44,.jpg,143612,2026-06-29T08:49:06.345433+00:00,2026-06-29T06:15:25.429013+00:00,True,,1920,1080,3,RGB,138.51023864746094,135.41651916503906,132.47802734375,55.763580322265625,55.104164123535156,62.718833923339844,1,0,0,240,231,238,136.0065155029297,55.97712326049805,db8ad8f961cd15b464b8bdd52724ba005781bab4c34c68d993fbdda72f574f6d,True,,webcam_2026-06-17_22-00-44
34,data/01_raw_dev_sample/avocado_n100_seed20260629/avocado/output/webcam_2026-06-18_04-15-44.jpg,output,webcam_2026-06-18_04-15-44.jpg,webcam_2026-06-18_04-15-44,.jpg,193586,2026-06-29T08:49:06.362314+00:00,2026-06-29T06:15:25.129108+00:00,True,,1920,1080,3,RGB,140.83914184570312,137.89427185058594,133.9641571044922,55.681907653808594,54.995872497558594,62.87131118774414,0,0,0,245,231,236,138.32675170898438,55.897216796875,39a9cfc924939f64b06aaaf65d55d21c9bb9b2e04f27fe2f65643bb990601a20,True,,webcam_2026-06-18_04-15-44
35,data/01_raw_dev_sample/avocado_n100_seed20260629/avocado/output/webcam_2026-06-18_04-30-44.jpg,output,webcam_2026-06-18_04-30-44.jpg,webcam_2026-06-18_04-30-44,.jpg,192964,2026-06-29T08:49:06.376436+00:00,2026-06-29T06:15:25.209042+00:00,True,,1920,1080,3,RGB,141.10043334960938,138.03074645996094,134.1051025390625,55.52134704589844,54.96833038330078,62.84355163574219,0,0,0,241,229,234,138.5010986328125,55.831417083740234,9fed76c01cc87068d2caefd1b4d0c0cc67752e9f3e286389e75b135dd1152f5f,True,,webcam_2026-06-18_04-30-44
36,data/01_raw_dev_sample/avocado_n100_seed20260629/avocado/output/webcam_2026-06-18_07-30-44.jpg,output,webcam_2026-06-18_07-30-44.jpg,webcam_2026-06-18_07-30-44,.jpg,193243,2026-06-29T08:49:06.386697+00:00,2026-06-29T06:15:25.137516+00:00,True,,1920,1080,3,RGB,141.35525512695312,138.2130126953125,134.31214904785156,55.54906463623047,55.07530212402344,62.84016799926758,1,0,0,245,228,230,138.70779418945312,55.90122604370117,791727cc1f8e22002bbb2ca9efee00559771df699cf3c5b122974b694c2ba7d5,True,,webcam_2026-06-18_07-30-44
37,data/01_raw_dev_sample/avocado_n100_seed20260629/avocado/output/webcam_2026-06-18_12-00-44.jpg,output,webcam_2026-06-18_12-00-44.jpg,webcam_2026-06-18_12-00-44,.jpg,192587,2026-06-29T08:49:06.395470+00:00,2026-06-29T06:15:25.201818+00:00,True,,1920,1080,3,RGB,141.5399169921875,138.47726440429688,134.59555053710938,55.735416412353516,55.25724411010742,62.999454498291016,0,0,0,243,229,233,138.95050048828125,56.08013153076172,e03cbc6c9ffcf8527e5dbb7a1a6e6e6ae6e050d864ab8c20b06990874df653a1,True,,webcam_2026-06-18_12-00-44
38,data/01_raw_dev_sample/avocado_n100_seed20260629/avocado/output/webcam_2026-06-18_12-45-44.jpg,output,webcam_2026-06-18_12-45-44.jpg,webcam_2026-06-18_12-45-44,.jpg,192559,2026-06-29T08:49:06.415700+00:00,2026-06-29T06:15:24.987560+00:00,True,,1920,1080,3,RGB,141.59136962890625,138.43630981445312,134.55679321289062,55.69822311401367,55.26258850097656,63.00750732421875,0,0,0,244,229,232,138.93736267089844,56.07378005981445,f23f2ac61de540c2d351e3e68d5488a15a5158258a7773daf36fa5b9ccf99b3a,True,,webcam_2026-06-18_12-45-44
39,data/01_raw_dev_sample/avocado_n100_seed20260629/avocado/output/webcam_2026-06-18_14-45-44.jpg,output,webcam_2026-06-18_14-45-44.jpg,webcam_2026-06-18_14-45-44,.jpg,198144,2026-06-29T08:49:06.429969+00:00,2026-06-29T06:15:24.392227+00:00,True,,1920,1080,3,RGB,145.28440856933594,141.99876403808594,137.87742614746094,57.5516471862793,56.92597961425781,64.90143585205078,0,0,0,251,237,241,142.51133728027344,57.80998992919922,20da1a93b660b54307d9343f28d08b61672318b531efdceafdafaf6c5355c26b,True,,webcam_2026-06-18_14-45-44
40,data/01_raw_dev_sample/avocado_n100_seed20260629/avocado/output/webcam_2026-06-18_22-15-44.jpg,output,webcam_2026-06-18_22-15-44.jpg,webcam_2026-06-18_22-15-44,.jpg,196934,2026-06-29T08:49:06.456110+00:00,2026-06-29T06:15:23.659066+00:00,True,,1920,1080,3,RGB,145.41407775878906,142.06643676757812,138.00115966796875,57.597511291503906,57.09117126464844,64.9416275024414,0,0,0,252,238,241,142.60400390625,57.92311477661133,eb5fc6fac018a6671fa5b076695a98bf789b0ff5311887e0ee72de3f5c81c768,True,,webcam_2026-06-18_22-15-44
41,data/01_raw_dev_sample/avocado_n100_seed20260629/avocado/output/webcam_2026-06-19_00-00-44.jpg,output,webcam_2026-06-19_00-00-44.jpg,webcam_2026-06-19_00-00-44,.jpg,196723,2026-06-29T08:49:06.473453+00:00,2026-06-29T06:15:24.137619+00:00,True,,1920,1080,3,RGB,145.7147216796875,142.25048828125,138.453857421875,57.53594970703125,57.137657165527344,64.87786102294922,0,0,0,253,236,240,142.8534698486328,57.920406341552734,ed76f3c42e9961522a005de488f3248f8625708977ebbaf3c096f69a2481705b,True,,webcam_2026-06-19_00-00-44
42,data/01_raw_dev_sample/avocado_n100_seed20260629/avocado/output/webcam_2026-06-19_02-30-44.jpg,output,webcam_2026-06-19_02-30-44.jpg,webcam_2026-06-19_02-30-44,.jpg,196123,2026-06-29T08:49:06.488445+00:00,2026-06-29T06:15:23.439390+00:00,True,,1920,1080,3,RGB,145.85203552246094,142.34133911132812,138.65798950195312,57.51341247558594,57.194618225097656,64.97830963134766,0,0,0,246,236,239,142.9711456298828,57.955230712890625,df8a78ad6ab987a504837cb7c35efdf9b4f38727db52a038c7bf6961d9d058ff,True,,webcam_2026-06-19_02-30-44
43,data/01_raw_dev_sample/avocado_n100_seed20260629/avocado/output/webcam_2026-06-19_07-00-44.jpg,output,webcam_2026-06-19_07-00-44.jpg,webcam_2026-06-19_07-00-44,.jpg,196036,2026-06-29T08:49:06.501827+00:00,2026-06-29T06:15:24.049680+00:00,True,,1920,1080,3,RGB,145.56715393066406,142.06820678710938,138.29330444335938,57.4983024597168,57.241966247558594,64.82735443115234,0,0,0,249,235,239,142.68406677246094,57.96515655517578,826cfb02efc1186a5bdf5f129aa8facd180381b1479453169ad001e244a367cd,True,,webcam_2026-06-19_07-00-44
44,data/01_raw_dev_sample/avocado_n100_seed20260629/avocado/output/webcam_2026-06-19_08-30-44.jpg,output,webcam_2026-06-19_08-30-44.jpg,webcam_2026-06-19_08-30-44,.jpg,192574,2026-06-29T08:49:06.515803+00:00,2026-06-29T06:15:23.359126+00:00,True,,1920,1080,3,RGB,143.87152099609375,140.30311584472656,136.6066436767578,56.048004150390625,56.19245147705078,63.52767562866211,1,0,0,248,233,235,140.9486541748047,56.77428436279297,cdffb5fd7122d5241256b0c40c033bc36c7a5ffad6e99eda47cc2f6275d35300,True,,webcam_2026-06-19_08-30-44
45,data/01_raw_dev_sample/avocado_n100_seed20260629/avocado/output/webcam_2026-06-19_12-15-44.jpg,output,webcam_2026-06-19_12-15-44.jpg,webcam_2026-06-19_12-15-44,.jpg,192820,2026-06-29T08:49:06.520469+00:00,2026-06-29T06:15:23.752149+00:00,True,,1920,1080,3,RGB,143.98658752441406,140.3446807861328,136.64517211914062,56.12557601928711,56.40193176269531,63.67938995361328,0,0,0,242,239,241,141.01182556152344,56.93751907348633,0d3b86ba9d5a6205af34bdea4d219b65e11547b92c1b6482429bcda786bb11eb,True,,webcam_2026-06-19_12-15-44
46,data/01_raw_dev_sample/avocado_n100_seed20260629/avocado/output/webcam_2026-06-19_13-15-44.jpg,output,webcam_2026-06-19_13-15-44.jpg,webcam_2026-06-19_13-15-44,.jpg,174785,2026-06-29T08:49:06.523638+00:00,2026-06-29T06:15:23.347648+00:00,True,,1920,1080,3,RGB,141.48080444335938,137.2131805419922,134.71926879882812,54.810340881347656,55.39520263671875,62.1607780456543,3,0,0,243,229,235,138.20484924316406,55.77690887451172,31e4e386115279eccad6a5b14c0a006d9568690939b4f9c6a79bc973aaa98ebe,True,,webcam_2026-06-19_13-15-44
47,data/01_raw_dev_sample/avocado_n100_seed20260629/avocado/output/webcam_2026-06-19_13-45-44.jpg,output,webcam_2026-06-19_13-45-44.jpg,webcam_2026-06-19_13-45-44,.jpg,174493,2026-06-29T08:49:06.524167+00:00,2026-06-29T06:15:23.379085+00:00,True,,1920,1080,3,RGB,141.5194854736328,137.13511657714844,134.55960083007812,54.62983322143555,55.31221389770508,62.15530776977539,1,0,0,237,234,237,138.15243530273438,55.675941467285156,359c5c5d3319d9358b545eb76c2d48621ef1f747d3c5c2e24f9dba2193ec20fd,True,,webcam_2026-06-19_13-45-44
48,data/01_raw_dev_sample/avocado_n100_seed20260629/avocado/output/webcam_2026-06-19_14-00-44.jpg,output,webcam_2026-06-19_14-00-44.jpg,webcam_2026-06-19_14-00-44,.jpg,175443,2026-06-29T08:49:06.524167+00:00,2026-06-29T06:15:23.940685+00:00,True,,1920,1080,3,RGB,141.4114990234375,137.17507934570312,134.5390167236328,54.7641716003418,55.380863189697266,62.24647521972656,2,0,0,242,232,238,138.14125061035156,55.763092041015625,7391f1d43ab73e7e5b12bceb8091d826472d70d64a99c507333f578fc088400f,True,,webcam_2026-06-19_14-00-44
49,data/01_raw_dev_sample/avocado_n100_seed20260629/avocado/output/webcam_2026-06-19_14-30-44.jpg,output,webcam_2026-06-19_14-30-44.jpg,webcam_2026-06-19_14-30-44,.jpg,175161,2026-06-29T08:49:06.524167+00:00,2026-06-29T06:15:24.197893+00:00,True,,1920,1080,3,RGB,141.7122802734375,137.28733825683594,134.7051239013672,54.6739387512207,55.37620162963867,62.245670318603516,0,0,0,240,230,233,138.31600952148438,55.73539352416992,8806bd55f62a50a1cf707427a6bf426edae61232d0ea9fa907b3a84721592efb,True,,webcam_2026-06-19_14-30-44
50,data/01_raw_dev_sample/avocado_n100_seed20260629/avocado/output/webcam_2026-06-19_15-15-44.jpg,output,webcam_2026-06-19_15-15-44.jpg,webcam_2026-06-19_15-15-44,.jpg,174200,2026-06-29T08:49:06.524167+00:00,2026-06-29T06:15:23.340940+00:00,True,,1920,1080,3,RGB,141.51742553710938,137.0484161376953,134.50035095214844,54.56172180175781,55.31993103027344,62.114192962646484,1,0,0,243,236,241,138.09408569335938,55.653987884521484,19693949cf88b6e20c7eac422a4e562189ca542df877d0a89a3d6cedee8081e6,True,,webcam_2026-06-19_15-15-44
51,data/01_raw_dev_sample/avocado_n100_seed20260629/avocado/output/webcam_2026-06-19_16-45-44.jpg,output,webcam_2026-06-19_16-45-44.jpg,webcam_2026-06-19_16-45-44,.jpg,174840,2026-06-29T08:49:06.524167+00:00,2026-06-29T06:15:23.889349+00:00,True,,1920,1080,3,RGB,141.6121063232422,137.17971801757812,134.62420654296875,54.63588333129883,55.38966369628906,62.12358093261719,2,0,0,241,232,235,138.2136688232422,55.71946716308594,b9f4ff6c89fb2c5b39db91e1537a359a12c095ee0635341e607d44bff10bc642,True,,webcam_2026-06-19_16-45-44
52,data/01_raw_dev_sample/avocado_n100_seed20260629/avocado/output/webcam_2026-06-19_17-00-44.jpg,output,webcam_2026-06-19_17-00-44.jpg,webcam_2026-06-19_17-00-44,.jpg,175007,2026-06-29T08:49:06.534220+00:00,2026-06-29T06:15:24.058858+00:00,True,,1920,1080,3,RGB,141.4330596923828,137.11964416503906,134.5080108642578,54.74308776855469,55.45603942871094,62.23284912109375,1,0,0,242,232,234,138.11163330078125,55.803611755371094,76506076948d60404f203e55fa8bc1cb81a3588da9eea6132090877ff302c7f0,True,,webcam_2026-06-19_17-00-44
53,data/01_raw_dev_sample/avocado_n100_seed20260629/avocado/output/webcam_2026-06-19_17-30-44.jpg,output,webcam_2026-06-19_17-30-44.jpg,webcam_2026-06-19_17-30-44,.jpg,174689,2026-06-29T08:49:06.537120+00:00,2026-06-29T06:15:23.597748+00:00,True,,1920,1080,3,RGB,141.67616271972656,137.21139526367188,134.6516571044922,54.597923278808594,55.429039001464844,62.12942123413086,1,0,0,243,232,235,138.25457763671875,55.73191452026367,f971dca0dede2bef4fec3827ab665ab39df2694a06c770a85ee5b00417ee7a8b,True,,webcam_2026-06-19_17-30-44
54,data/01_raw_dev_sample/avocado_n100_seed20260629/avocado/output/webcam_2026-06-19_18-30-44.jpg,output,webcam_2026-06-19_18-30-44.jpg,webcam_2026-06-19_18-30-44,.jpg,175216,2026-06-29T08:49:06.541058+00:00,2026-06-29T06:15:23.907950+00:00,True,,1920,1080,3,RGB,141.523681640625,137.1898651123047,134.6876983642578,54.78398513793945,55.4957275390625,62.221797943115234,6,0,0,241,229,234,138.20050048828125,55.836952209472656,3fb36c73ec9eac08780c95bb12d7dc5e549d4344a9b17ef8bd0c16fa36de0afa,True,,webcam_2026-06-19_18-30-44
55,data/01_raw_dev_sample/avocado_n100_seed20260629/avocado/output/webcam_2026-06-19_19-15-44.jpg,output,webcam_2026-06-19_19-15-44.jpg,webcam_2026-06-19_19-15-44,.jpg,174273,2026-06-29T08:49:06.544088+00:00,2026-06-29T06:15:23.331979+00:00,True,,1920,1080,3,RGB,141.56495666503906,137.0372314453125,134.68565368652344,54.58172607421875,55.44009780883789,62.071834564208984,0,0,0,242,236,232,138.12298583984375,55.72618865966797,2408c2827cd7b8264e45a328722f90668f1bf94bc4deda7504905498e810f817,True,,webcam_2026-06-19_19-15-44
56,data/01_raw_dev_sample/avocado_n100_seed20260629/avocado/output/webcam_2026-06-20_01-00-44.jpg,output,webcam_2026-06-20_01-00-44.jpg,webcam_2026-06-20_01-00-44,.jpg,174958,2026-06-29T08:49:06.544088+00:00,2026-06-29T06:15:22.419081+00:00,True,,1920,1080,3,RGB,139.55169677734375,135.14437866210938,132.81619262695312,54.30380630493164,55.22042465209961,61.429054260253906,0,0,0,240,227,230,136.19679260253906,55.4354133605957,0f69d1b560cc86b4de58af67999c60aab6748931d48c1d0e6fd534761a704ef2,True,,webcam_2026-06-20_01-00-44
57,data/01_raw_dev_sample/avocado_n100_seed20260629/avocado/output/webcam_2026-06-20_02-15-44.jpg,output,webcam_2026-06-20_02-15-44.jpg,webcam_2026-06-20_02-15-44,.jpg,174779,2026-06-29T08:49:06.548701+00:00,2026-06-29T06:15:22.692059+00:00,True,,1920,1080,3,RGB,139.64500427246094,135.18276977539062,132.85162353515625,54.313629150390625,55.29450988769531,61.431739807128906,1,0,0,239,230,232,136.251220703125,55.482757568359375,44668efdf6916d55647fa553df089e90f937beb26add2f94e3934784c38be54e,True,,webcam_2026-06-20_02-15-44
58,data/01_raw_dev_sample/avocado_n100_seed20260629/avocado/output/webcam_2026-06-20_04-30-44.jpg,output,webcam_2026-06-20_04-30-44.jpg,webcam_2026-06-20_04-30-44,.jpg,174083,2026-06-29T08:49:06.550710+00:00,2026-06-29T06:15:23.216889+00:00,True,,1920,1080,3,RGB,139.8438720703125,135.18389892578125,133.00306701660156,54.186222076416016,55.33866882324219,61.37353515625,6,0,0,243,230,231,136.32859802246094,55.4649772644043,145129d038129c93f3e9007721ac0c56c1d9161a68d5c48fded662bb53de9311,True,,webcam_2026-06-20_04-30-44
59,data/01_raw_dev_sample/avocado_n100_seed20260629/avocado/output/webcam_2026-06-20_11-30-44.jpg,output,webcam_2026-06-20_11-30-44.jpg,webcam_2026-06-20_11-30-44,.jpg,173457,2026-06-29T08:49:06.565682+00:00,2026-06-29T06:15:23.237605+00:00,True,,1920,1080,3,RGB,139.6788787841797,134.92083740234375,132.89698791503906,54.3907356262207,55.80999755859375,61.5280647277832,1,0,0,241,228,231,136.11273193359375,55.821041107177734,46c75ee7d0e2acc046c815038af9caca4eb4cd0f6c1b08cd355bbd8e3e2e5cf7,True,,webcam_2026-06-20_11-30-44
60,data/01_raw_dev_sample/avocado_n100_seed20260629/avocado/output/webcam_2026-06-20_16-00-44.jpg,output,webcam_2026-06-20_16-00-44.jpg,webcam_2026-06-20_16-00-44,.jpg,173277,2026-06-29T08:49:06.575953+00:00,2026-06-29T06:15:22.937470+00:00,True,,1920,1080,3,RGB,139.5653839111328,134.58982849121094,132.75869750976562,54.41182327270508,56.0631103515625,61.482704162597656,0,0,0,238,230,233,135.86878967285156,55.9747200012207,001391c75d73a917cd0b1b329ddafeeb5741373025adc82890046bfd8879a50c,True,,webcam_2026-06-20_16-00-44
61,data/01_raw_dev_sample/avocado_n100_seed20260629/avocado/output/webcam_2026-06-20_17-45-44.jpg,output,webcam_2026-06-20_17-45-44.jpg,webcam_2026-06-20_17-45-44,.jpg,180986,2026-06-29T08:49:06.598169+00:00,2026-06-29T06:15:22.799152+00:00,True,,1920,1080,3,RGB,146.44737243652344,141.43048095703125,139.98678588867188,56.72406768798828,58.58627700805664,64.17005157470703,4,0,0,247,237,241,142.76597595214844,58.439151763916016,529cca37f6783311b934a570b08c339e16a0f118fddb0ee926ed76d403fae238,True,,webcam_2026-06-20_17-45-44
62,data/01_raw_dev_sample/avocado_n100_seed20260629/avocado/output/webcam_2026-06-20_19-30-44.jpg,output,webcam_2026-06-20_19-30-44.jpg,webcam_2026-06-20_19-30-44,.jpg,179855,2026-06-29T08:49:06.610662+00:00,2026-06-29T06:15:22.177678+00:00,True,,1920,1080,3,RGB,146.39735412597656,141.227783203125,139.96194458007812,56.64181900024414,58.73463439941406,64.08731842041016,0,0,0,244,235,241,142.6291961669922,58.495811462402344,54074a0a082fc039f0b7db257fdff8d8088b524d62d789c62c3a4a96f6fb119e,True,,webcam_2026-06-20_19-30-44
63,data/01_raw_dev_sample/avocado_n100_seed20260629/avocado/output/webcam_2026-06-20_21-00-44.jpg,output,webcam_2026-06-20_21-00-44.jpg,webcam_2026-06-20_21-00-44,.jpg,180272,2026-06-29T08:49:06.622124+00:00,2026-06-29T06:15:22.929591+00:00,True,,1920,1080,3,RGB,146.2202606201172,141.0753631591797,139.87632751464844,56.715980529785156,58.85142517089844,64.1595687866211,1,0,0,249,243,254,142.4769744873047,58.59547424316406,444b91e89e6d4f9e3b999beb90651b99cc72e2168d83d59b9e39af4392c5767a,True,,webcam_2026-06-20_21-00-44
64,data/01_raw_dev_sample/avocado_n100_seed20260629/avocado/output/webcam_2026-06-20_22-45-44.jpg,output,webcam_2026-06-20_22-45-44.jpg,webcam_2026-06-20_22-45-44,.jpg,180188,2026-06-29T08:49:06.633291+00:00,2026-06-29T06:15:22.852182+00:00,True,,1920,1080,3,RGB,146.4628143310547,141.11195373535156,140.00865173339844,56.6532096862793,58.917659759521484,64.11566925048828,0,0,0,251,237,242,142.58602905273438,58.61358642578125,749e7a0bf728c116b8e7fed0f35288f9f2df3e3ac38afd1e02dd3438977596ed,True,,webcam_2026-06-20_22-45-44
65,data/01_raw_dev_sample/avocado_n100_seed20260629/avocado/output/webcam_2026-06-20_23-30-44.jpg,output,webcam_2026-06-20_23-30-44.jpg,webcam_2026-06-20_23-30-44,.jpg,180074,2026-06-29T08:49:06.645562+00:00,2026-06-29T06:15:22.707878+00:00,True,,1920,1080,3,RGB,146.22462463378906,140.95465087890625,139.7965087890625,56.744972229003906,58.9986457824707,64.1812515258789,4,0,0,245,239,245,142.39834594726562,58.694252014160156,ecd569113192c9063464d881db4d4b59b5673aec2fb8e000f1588f989f32a79c,True,,webcam_2026-06-20_23-30-44
66,data/01_raw_dev_sample/avocado_n100_seed20260629/avocado/output/webcam_2026-06-21_02-45-44.jpg,output,webcam_2026-06-21_02-45-44.jpg,webcam_2026-06-21_02-45-44,.jpg,179375,2026-06-29T08:49:06.660417+00:00,2026-06-29T06:15:22.107671+00:00,True,,1920,1080,3,RGB,146.5377655029297,141.05859375,140.09689331054688,56.7679328918457,59.18853759765625,64.17013549804688,0,0,0,246,238,243,142.5872039794922,58.81433868408203,f9fca33133b8c6bce9ef69e595cd9c7ce4a8f2227a9a34a43144cda03dffa3ca,True,,webcam_2026-06-21_02-45-44
67,data/01_raw_dev_sample/avocado_n100_seed20260629/avocado/output/webcam_2026-06-21_03-45-44.jpg,output,webcam_2026-06-21_03-45-44.jpg,webcam_2026-06-21_03-45-44,.jpg,178805,2026-06-29T08:49:06.672175+00:00,2026-06-29T06:15:22.087759+00:00,True,,1920,1080,3,RGB,146.56723022460938,141.03553771972656,140.1669921875,56.80860137939453,59.27767562866211,64.14241027832031,1,0,0,248,237,242,142.59046936035156,58.875144958496094,387986ec0681e86e35c938a8672ee31776fd82aba93aaaf87a03f66d91548f90,True,,webcam_2026-06-21_03-45-44
68,data/01_raw_dev_sample/avocado_n100_seed20260629/avocado/output/webcam_2026-06-21_04-30-44.jpg,output,webcam_2026-06-21_04-30-44.jpg,webcam_2026-06-21_04-30-44,.jpg,179572,2026-06-29T08:49:06.690332+00:00,2026-06-29T06:15:22.917586+00:00,True,,1920,1080,3,RGB,146.49960327148438,140.9669189453125,140.14254760742188,56.83594512939453,59.33358383178711,64.16265106201172,6,0,0,248,241,246,142.52713012695312,58.919883728027344,ef08d323f183675c84c6abe844162bbf01c6390b2a795959f1eadf7942ab514b,True,,webcam_2026-06-21_04-30-44
69,data/01_raw_dev_sample/avocado_n100_seed20260629/avocado/output/webcam_2026-06-21_07-00-44.jpg,output,webcam_2026-06-21_07-00-44.jpg,webcam_2026-06-21_07-00-44,.jpg,179662,2026-06-29T08:49:06.704452+00:00,2026-06-29T06:15:22.310902+00:00,True,,1920,1080,3,RGB,146.25692749023438,140.72666931152344,139.87269592285156,57.031063079833984,59.592079162597656,64.28303527832031,4,0,0,250,236,242,142.2828826904297,59.14549255371094,3fa87d887a2050695d92ddd1b04f5dc6965f4fce7f537ebfa2215a2975110dc3,True,,webcam_2026-06-21_07-00-44
70,data/01_raw_dev_sample/avocado_n100_seed20260629/avocado/output/webcam_2026-06-21_09-15-44.jpg,output,webcam_2026-06-21_09-15-44.jpg,webcam_2026-06-21_09-15-44,.jpg,178766,2026-06-29T08:49:06.718249+00:00,2026-06-29T06:15:21.786792+00:00,True,,1920,1080,3,RGB,146.24722290039062,140.52708435058594,139.89434814453125,56.946407318115234,59.687625885009766,64.1827163696289,1,0,0,248,238,245,142.16525268554688,59.16661071777344,5ffb49687e42c284711adb668c9d266de97e357e95007d4092f859ff40f6eaa0,True,,webcam_2026-06-21_09-15-44
71,data/01_raw_dev_sample/avocado_n100_seed20260629/avocado/output/webcam_2026-06-21_13-00-44.jpg,output,webcam_2026-06-21_13-00-44.jpg,webcam_2026-06-21_13-00-44,.jpg,178131,2026-06-29T08:49:06.724542+00:00,2026-06-29T06:15:21.969016+00:00,True,,1920,1080,3,RGB,146.49574279785156,140.54917907714844,140.11659240722656,57.20604705810547,60.14032745361328,64.3525619506836,1,0,0,250,238,241,142.27789306640625,59.533592224121094,c49bec1679fe5fb5f89f7bcef893062f7ad89f3da6e9035e9ab47bf7f24897e6,True,,webcam_2026-06-21_13-00-44
72,data/01_raw_dev_sample/avocado_n100_seed20260629/avocado/output/webcam_2026-06-21_14-45-44.jpg,output,webcam_2026-06-21_14-45-44.jpg,webcam_2026-06-21_14-45-44,.jpg,178089,2026-06-29T08:49:06.744300+00:00,2026-06-29T06:15:21.879310+00:00,True,,1920,1080,3,RGB,146.13389587402344,140.30194091796875,139.8414764404297,57.376312255859375,60.364990234375,64.50862884521484,3,0,0,250,238,249,141.99317932128906,59.73448944091797,a7ccb07cf2e739b6d42223d4ca1e1100101da280a3bc5ada50973624807ef686,True,,webcam_2026-06-21_14-45-44
73,data/01_raw_dev_sample/avocado_n100_seed20260629/avocado/output/webcam_2026-06-21_18-15-44.jpg,output,webcam_2026-06-21_18-15-44.jpg,webcam_2026-06-21_18-15-44,.jpg,177061,2026-06-29T08:49:06.755854+00:00,2026-06-29T06:15:21.859000+00:00,True,,1920,1080,3,RGB,146.60523986816406,140.44229125976562,140.04530334472656,57.498374938964844,60.77132034301758,64.69343566894531,0,0,0,250,237,239,142.23977661132812,60.036380767822266,46e562b2ebafb0469029509cd948d39a18b7eaf360ab8bc4d829c0c5e2746040,True,,webcam_2026-06-21_18-15-44
74,data/01_raw_dev_sample/avocado_n100_seed20260629/avocado/output/webcam_2026-06-21_21-30-44.jpg,output,webcam_2026-06-21_21-30-44.jpg,webcam_2026-06-21_21-30-44,.jpg,176974,2026-06-29T08:49:06.770492+00:00,2026-06-29T06:15:21.122273+00:00,True,,1920,1080,3,RGB,146.10113525390625,139.9472198486328,139.87588500976562,57.80022430419922,61.084556579589844,64.82852935791016,0,0,0,246,240,245,141.779052734375,60.325469970703125,b9581975dc8c8a968c8e0800ec7883f578d9714b5d5e9cd640aa73a9773f3d38,True,,webcam_2026-06-21_21-30-44
75,data/01_raw_dev_sample/avocado_n100_seed20260629/avocado/output/webcam_2026-06-22_01-15-44.jpg,output,webcam_2026-06-22_01-15-44.jpg,webcam_2026-06-22_01-15-44,.jpg,175950,2026-06-29T08:49:06.783320+00:00,2026-06-29T06:15:21.697893+00:00,True,,1920,1080,3,RGB,146.06158447265625,139.5651397705078,139.5994873046875,57.82848358154297,61.501705169677734,64.79486846923828,0,0,0,248,238,241,141.5114288330078,60.582706451416016,ad9e381e04aa0ed16cde94b4140a3095b334551ea5c385602c776a7a65692529,True,,webcam_2026-06-22_01-15-44
76,data/01_raw_dev_sample/avocado_n100_seed20260629/avocado/output/webcam_2026-06-22_02-00-44.jpg,output,webcam_2026-06-22_02-00-44.jpg,webcam_2026-06-22_02-00-44,.jpg,175897,2026-06-29T08:49:06.795644+00:00,2026-06-29T06:15:21.937929+00:00,True,,1920,1080,3,RGB,146.1633758544922,139.60789489746094,139.8648681640625,57.953575134277344,61.58237838745117,64.8646469116211,3,0,0,249,236,240,141.5972137451172,60.6721076965332,e24ce117dd517dcef17fc5144c238defb1bcc3a71ed84378ce9ae22839d1b04a,True,,webcam_2026-06-22_02-00-44
77,data/01_raw_dev_sample/avocado_n100_seed20260629/avocado/output/webcam_2026-06-22_03-30-44.jpg,output,webcam_2026-06-22_03-30-44.jpg,webcam_2026-06-22_03-30-44,.jpg,169947,2026-06-29T08:49:06.804509+00:00,2026-06-29T06:15:21.759193+00:00,True,,1920,1080,3,RGB,137.9734344482422,131.35055541992188,131.6187744140625,55.62733459472656,59.270965576171875,61.887454986572266,1,0,0,239,226,231,133.3614044189453,58.29497528076172,737ffded3d535fb9f44400c8bad859ba4033ba740349c3e92eadb465a56dabc8,True,,webcam_2026-06-22_03-30-44
78,data/01_raw_dev_sample/avocado_n100_seed20260629/avocado/output/webcam_2026-06-22_05-00-44.jpg,output,webcam_2026-06-22_05-00-44.jpg,webcam_2026-06-22_05-00-44,.jpg,170229,2026-06-29T08:49:06.824558+00:00,2026-06-29T06:15:21.567633+00:00,True,,1920,1080,3,RGB,137.77935791015625,131.27072143554688,131.501953125,55.83959197998047,59.49148941040039,62.100608825683594,0,0,0,237,230,233,133.24317932128906,58.511802673339844,6c9f89753717627b5f29404c997b210c5d4c2fd4e476bc4f510f907f27febbc2,True,,webcam_2026-06-22_05-00-44
79,data/01_raw_dev_sample/avocado_n100_seed20260629/avocado/output/webcam_2026-06-22_11-15-44.jpg,output,webcam_2026-06-22_11-15-44.jpg,webcam_2026-06-22_11-15-44,.jpg,170008,2026-06-29T08:49:06.835824+00:00,2026-06-29T06:15:20.887742+00:00,True,,1920,1080,3,RGB,137.6925506591797,130.86976623535156,131.33937072753906,55.9260368347168,59.882755279541016,62.09367752075195,2,0,0,242,228,229,132.96331787109375,58.77075958251953,37ac94cec3e99a50522c75ebad7d3ff2983d1f6990228ac7b23c6fee206a66ee,True,,webcam_2026-06-22_11-15-44
80,data/01_raw_dev_sample/avocado_n100_seed20260629/avocado/output/webcam_2026-06-22_11-30-44.jpg,output,webcam_2026-06-22_11-30-44.jpg,webcam_2026-06-22_11-30-44,.jpg,170119,2026-06-29T08:49:06.846197+00:00,2026-06-29T06:15:21.581907+00:00,True,,1920,1080,3,RGB,137.45794677734375,130.7598419189453,131.2025909423828,56.07206726074219,59.960906982421875,62.198089599609375,4,0,0,242,230,233,132.8130645751953,58.872013092041016,227523f605431e2fef67b2f079169a4f5229e5beac63b75133c031571e751379,True,,webcam_2026-06-22_11-30-44
81,data/01_raw_dev_sample/avocado_n100_seed20260629/avocado/output/webcam_2026-06-22_12-45-44.jpg,output,webcam_2026-06-22_12-45-44.jpg,webcam_2026-06-22_12-45-44,.jpg,170233,2026-06-29T08:49:06.863544+00:00,2026-06-29T06:15:21.279847+00:00,True,,1920,1080,3,RGB,137.6300048828125,130.75445556640625,131.29991149902344,55.9648551940918,59.986785888671875,62.124507904052734,4,0,0,242,227,231,132.8724365234375,58.8498420715332,01d264af54507e3bfcb66088b600d133244cbe3358b2b694a4814f257da56b65,True,,webcam_2026-06-22_12-45-44
82,data/01_raw_dev_sample/avocado_n100_seed20260629/avocado/output/webcam_2026-06-22_14-00-44.jpg,output,webcam_2026-06-22_14-00-44.jpg,webcam_2026-06-22_14-00-44,.jpg,171140,2026-06-29T08:49:06.877721+00:00,2026-06-29T06:15:20.812174+00:00,True,,1920,1080,3,RGB,137.4335479736328,130.61026000976562,131.2055206298828,56.158199310302734,60.09207534790039,62.2304801940918,2,0,0,238,228,231,132.7183074951172,58.9798583984375,ec7504e26eb9b378aae4e4a8a216efc1a196089caf834ed223507be3ed2bae1e,True,,webcam_2026-06-22_14-00-44
83,data/01_raw_dev_sample/avocado_n100_seed20260629/avocado/output/webcam_2026-06-22_22-45-44.jpg,output,webcam_2026-06-22_22-45-44.jpg,webcam_2026-06-22_22-45-44,.jpg,172865,2026-06-29T08:49:06.891609+00:00,2026-06-29T06:15:20.348987+00:00,True,,1920,1080,3,RGB,137.48533630371094,130.33290100097656,131.21946716308594,56.176761627197266,60.48552322387695,62.1737174987793,1,0,0,244,229,232,132.57249450683594,59.21310806274414,819928b5f5e18f90c9a8a1825ab7defbb5d97ed0fbe81aeaa6833e73ed890c13,True,,webcam_2026-06-22_22-45-44
84,data/01_raw_dev_sample/avocado_n100_seed20260629/avocado/output/webcam_2026-06-22_23-00-44.jpg,output,webcam_2026-06-22_23-00-44.jpg,webcam_2026-06-22_23-00-44,.jpg,173761,2026-06-29T08:49:06.907958+00:00,2026-06-29T06:15:20.169001+00:00,True,,1920,1080,3,RGB,137.39962768554688,130.33326721191406,131.14794921875,56.32685089111328,60.558387756347656,62.320098876953125,2,0,0,239,226,229,132.53897094726562,59.31809616088867,ce9077113b4950796c0c318168e8d805f29bb8b905357050d634758f6c3efc66,True,,webcam_2026-06-22_23-00-44
85,data/01_raw_dev_sample/avocado_n100_seed20260629/avocado/output/webcam_2026-06-23_01-15-44.jpg,output,webcam_2026-06-23_01-15-44.jpg,webcam_2026-06-23_01-15-44,.jpg,173972,2026-06-29T08:49:06.925883+00:00,2026-06-29T06:15:20.859114+00:00,True,,1920,1080,3,RGB,137.35089111328125,130.19143676757812,131.1261444091797,56.34912872314453,60.65332794189453,62.33981704711914,1,0,0,242,228,233,132.43869018554688,59.381500244140625,e57ff2fc67464ec28055fbdbf8c4bc47f27d51a917e73f40197117d0f66a7aac,True,,webcam_2026-06-23_01-15-44
86,data/01_raw_dev_sample/avocado_n100_seed20260629/avocado/output/webcam_2026-06-23_02-45-44.jpg,output,webcam_2026-06-23_02-45-44.jpg,webcam_2026-06-23_02-45-44,.jpg,174894,2026-06-29T08:49:06.945739+00:00,2026-06-29T06:15:20.471479+00:00,True,,1920,1080,3,RGB,137.51358032226562,130.26841735839844,131.2899932861328,56.27417755126953,60.66261291503906,62.20841979980469,1,0,0,243,230,231,132.55116271972656,59.351539611816406,f804c84c6726626b16430e79ee24073505c143c17886a4ede682c51ac9ebb365,True,,webcam_2026-06-23_02-45-44
87,data/01_raw_dev_sample/avocado_n100_seed20260629/avocado/output/webcam_2026-06-23_04-45-44.jpg,output,webcam_2026-06-23_04-45-44.jpg,webcam_2026-06-23_04-45-44,.jpg,175828,2026-06-29T08:49:06.962330+00:00,2026-06-29T06:15:20.670853+00:00,True,,1920,1080,3,RGB,137.3243865966797,130.16574096679688,131.1953582763672,56.37101745605469,60.77070236206055,62.2918586730957,2,0,0,243,229,232,132.42352294921875,59.452640533447266,f1f9c851aae469f034e249411d602f477d555c5f7cb8aa27871cde97261dbc94,True,,webcam_2026-06-23_04-45-44
88,data/01_raw_dev_sample/avocado_n100_seed20260629/avocado/output/webcam_2026-06-23_08-45-44.jpg,output,webcam_2026-06-23_08-45-44.jpg,webcam_2026-06-23_08-45-44,.jpg,176853,2026-06-29T08:49:06.974334+00:00,2026-06-29T06:15:20.557668+00:00,True,,1920,1080,3,RGB,137.22763061523438,130.01885986328125,131.0916748046875,56.3576545715332,60.76323699951172,62.158302307128906,3,0,0,241,226,232,132.2965545654297,59.42988204956055,1471a7963b12f96c7907634cb9ace835ebcfb67133488446dd2513e21b6841d6,True,,webcam_2026-06-23_08-45-44
89,data/01_raw_dev_sample/avocado_n100_seed20260629/avocado/output/webcam_2026-06-23_12-30-44.jpg,output,webcam_2026-06-23_12-30-44.jpg,webcam_2026-06-23_12-30-44,.jpg,179492,2026-06-29T08:49:06.993325+00:00,2026-06-29T06:15:20.409114+00:00,True,,1920,1080,3,RGB,137.41842651367188,130.12033081054688,131.22792053222656,56.26426315307617,60.72798156738281,62.06418991088867,4,0,0,247,227,231,132.4287872314453,59.369747161865234,650fdfc43d5d434bc7fc9efe86694ad7954b0e3d2b930571ea2dde30c47cc7ad,True,,webcam_2026-06-23_12-30-44
90,data/01_raw_dev_sample/avocado_n100_seed20260629/avocado/output/webcam_2026-06-23_12-45-44.jpg,output,webcam_2026-06-23_12-45-44.jpg,webcam_2026-06-23_12-45-44,.jpg,178822,2026-06-29T08:49:07.006463+00:00,2026-06-29T06:15:19.789022+00:00,True,,1920,1080,3,RGB,137.62313842773438,130.23696899414062,131.4537811279297,56.12784194946289,60.65608596801758,61.91292953491211,2,0,0,246,227,228,132.58413696289062,59.269412994384766,b09f521b7805f918f290d6f72d7e02fc6ea5edf28dfbe580a1ee2502953f5489,True,,webcam_2026-06-23_12-45-44
91,data/01_raw_dev_sample/avocado_n100_seed20260629/avocado/output/webcam_2026-06-23_13-45-44.jpg,output,webcam_2026-06-23_13-45-44.jpg,webcam_2026-06-23_13-45-44,.jpg,179832,2026-06-29T08:49:07.021018+00:00,2026-06-29T06:15:19.887829+00:00,True,,1920,1080,3,RGB,137.63438415527344,130.26519775390625,131.4461669921875,56.093406677246094,60.65382766723633,61.843631744384766,0,0,0,237,227,230,132.60317993164062,59.248985290527344,6e3d216bcd846012cc020c722c570282ba42ebe77a27b9f78e68a829593fb7e7,True,,webcam_2026-06-23_13-45-44
92,data/01_raw_dev_sample/avocado_n100_seed20260629/avocado/output/webcam_2026-06-23_22-30-44.jpg,output,webcam_2026-06-23_22-30-44.jpg,webcam_2026-06-23_22-30-44,.jpg,183388,2026-06-29T08:49:07.038049+00:00,2026-06-29T06:15:19.701902+00:00,True,,1920,1080,3,RGB,138.11016845703125,130.6207275390625,131.89651489257812,55.834407806396484,60.40608596801758,61.43708419799805,3,0,0,241,225,230,133.00550842285156,58.97794723510742,febd4f200fff6a8f68e97b40695105780ea617e668a198686919edf7e5caa876,True,,webcam_2026-06-23_22-30-44
93,data/01_raw_dev_sample/avocado_n100_seed20260629/avocado/output/webcam_2026-06-23_22-45-44.jpg,output,webcam_2026-06-23_22-45-44.jpg,webcam_2026-06-23_22-45-44,.jpg,183136,2026-06-29T08:49:07.054185+00:00,2026-06-29T06:15:19.777876+00:00,True,,1920,1080,3,RGB,137.86659240722656,130.50804138183594,131.67306518554688,55.93696212768555,60.443607330322266,61.52299499511719,3,0,0,239,227,233,132.84104919433594,59.04069900512695,4c5860612bfb07295f0fa29380e01c302a78a9a54ce363c091418679769a9ee5,True,,webcam_2026-06-23_22-45-44
94,data/01_raw_dev_sample/avocado_n100_seed20260629/avocado/output/webcam_2026-06-23_23-45-44.jpg,output,webcam_2026-06-23_23-45-44.jpg,webcam_2026-06-23_23-45-44,.jpg,183239,2026-06-29T08:49:07.064452+00:00,2026-06-29T06:15:19.477793+00:00,True,,1920,1080,3,RGB,137.8944091796875,130.4148712158203,131.73614501953125,55.712371826171875,60.30437088012695,61.36201858520508,0,0,0,244,225,228,132.80191040039062,58.87081527709961,c61de1da6fcb0b7019a1fc4dae29a4b1eac0c7a301f1eb7c01b3988d765c8b2d,True,,webcam_2026-06-23_23-45-44
95,data/01_raw_dev_sample/avocado_n100_seed20260629/avocado/output/webcam_2026-06-24_05-45-44.jpg,output,webcam_2026-06-24_05-45-44.jpg,webcam_2026-06-24_05-45-44,.jpg,185548,2026-06-29T08:49:07.083430+00:00,2026-06-29T06:15:19.757643+00:00,True,,1920,1080,3,RGB,138.1730194091797,130.8407440185547,132.08502197265625,55.84817123413086,60.35939025878906,61.38924789428711,3,0,0,242,230,233,133.1748809814453,58.94487762451172,94c3e8bfb8fff178cf4c8755fb825109927f9307e60a7f1e812ce5054cd16f59,True,,webcam_2026-06-24_05-45-44
96,data/01_raw_dev_sample/avocado_n100_seed20260629/avocado/output/webcam_2026-06-24_06-15-44.jpg,output,webcam_2026-06-24_06-15-44.jpg,webcam_2026-06-24_06-15-44,.jpg,185258,2026-06-29T08:49:07.095588+00:00,2026-06-29T06:15:18.776911+00:00,True,,1920,1080,3,RGB,138.3843536376953,130.92205810546875,132.21017456054688,55.72409439086914,60.25042724609375,61.20574188232422,2,0,0,239,229,232,133.30007934570312,58.823272705078125,3fa24754356a4a6456043239eccb6ed61f117f0f5e4a4bc3729f14836e6a1d59,True,,webcam_2026-06-24_06-15-44
97,data/01_raw_dev_sample/avocado_n100_seed20260629/avocado/output/webcam_2026-06-25_00-45-44.jpg,output,webcam_2026-06-25_00-45-44.jpg,webcam_2026-06-25_00-45-44,.jpg,191622,2026-06-29T08:49:07.110520+00:00,2026-06-29T06:15:19.077757+00:00,True,,1920,1080,3,RGB,137.9071502685547,130.6723175048828,131.73365783691406,55.05274200439453,59.235233306884766,60.22434616088867,0,0,0,242,229,232,132.95654296875,57.89741897583008,61ea2cc2bfa5e273957fe6460ec95dd13ee23bd0eba66d0fd26f873c63dbe34a,True,,webcam_2026-06-25_00-45-44
98,data/01_raw_dev_sample/avocado_n100_seed20260629/avocado/output/webcam_2026-06-25_01-45-44.jpg,output,webcam_2026-06-25_01-45-44.jpg,webcam_2026-06-25_01-45-44,.jpg,192873,2026-06-29T08:49:07.124459+00:00,2026-06-29T06:15:19.427120+00:00,True,,1920,1080,3,RGB,138.0244140625,130.76954650878906,131.7187957763672,54.98793411254883,59.19840621948242,60.232479095458984,2,0,0,244,227,230,133.04698181152344,57.85389709472656,8e365460f158a7774f4ea81e1774642502da41c41d6e262e385a654ff581aa96,True,,webcam_2026-06-25_01-45-44
99,data/01_raw_dev_sample/avocado_n100_seed20260629/avocado/output/webcam_2026-06-25_03-45-44.jpg,output,webcam_2026-06-25_03-45-44.jpg,webcam_2026-06-25_03-45-44,.jpg,194001,2026-06-29T08:49:07.137727+00:00,2026-06-29T06:15:19.491950+00:00,True,,1920,1080,3,RGB,137.95162963867188,130.8084716796875,131.67994689941406,54.96078872680664,59.0831298828125,60.24176788330078,4,0,0,244,227,230,133.04356384277344,57.77778625488281,c2dc0e6689ef35c5cfd9b4142385efd5936d2fb56ced1eb549061117fd88b91e,True,,webcam_2026-06-25_03-45-44
100,data/01_raw_dev_sample/avocado_n100_seed20260629/avocado/output/webcam_2026-06-25_07-15-44.jpg,output,webcam_2026-06-25_07-15-44.jpg,webcam_2026-06-25_07-15-44,.jpg,194280,2026-06-29T08:49:07.153686+00:00,2026-06-29T06:15:19.219027+00:00,True,,1920,1080,3,RGB,138.46078491210938,131.2210693359375,132.06027221679688,54.548736572265625,58.769290924072266,59.838687896728516,3,0,0,240,227,230,133.48138427734375,57.42528533935547,5c37b63a6aea922d06fe1a89ba7d4246351130cf23567fefec4135ad7566f66d,True,,webcam_2026-06-25_07-15-44
