epoch,train_loss,train_mae,train_rmse,val_loss,val_mae,val_rmse,val_r2,val_smape,learning_rate,model_key,fold_name,test_group
1,0.0694156394136878,9.232871055603027,12.413166046142578,0.2177734827020545,19.522430419921875,21.84768867492676,0.4772709957377206,49.102046966552734,0.0003,A,holdout_F01,F01
2,0.017466199118644,4.765299320220947,6.181958198547363,0.207669283998742,19.36524200439453,21.320762634277344,0.5021813742050455,50.88711929321289,0.0003,A,holdout_F01,F01
3,0.01196551317717,3.944518566131592,5.116729259490967,0.2693441662650865,21.713960647583008,24.38998031616211,0.3485388619798485,53.64903259277344,0.0003,A,holdout_F01,F01
4,0.0107448269221407,3.793232917785645,4.848425388336182,0.1892991512591181,18.713064193725582,20.33663558959961,0.5470775216140357,48.5428352355957,0.0003,A,holdout_F01,F01
5,0.0085750991695249,3.3268420696258545,4.331528663635254,0.1894835107131467,18.59608268737793,20.354103088378903,0.5462991506408903,48.26120376586914,0.0003,A,holdout_F01,F01
6,0.0086313563562016,3.358343601226806,4.345860958099365,0.2253478120046426,19.066356658935547,22.27350807189941,0.4566960050280257,46.687156677246094,0.0003,A,holdout_F01,F01
7,0.0073571782229835,3.1039962768554688,4.011813163757324,0.2038711535959289,19.020715713500977,21.11432647705078,0.511774845935773,48.49825668334961,0.0003,A,holdout_F01,F01
8,0.0081686842809327,3.218830108642578,4.227128982543945,0.1904256868525781,18.580190658569336,20.400177001953125,0.5442428348521575,47.83210754394531,0.0003,A,holdout_F01,F01
9,0.006009109595596,2.818392753601074,3.626131296157837,0.2123784395554908,18.5996036529541,21.599584579467773,0.4890757976290015,45.48817825317383,0.0003,A,holdout_F01,F01
10,0.0069988065543318,2.989203929901123,3.9139039516448975,0.1925686694926881,18.65470695495605,20.52049446105957,0.5388509828016745,48.82221984863281,0.0003,A,holdout_F01,F01
11,0.0064821314416632,2.8989293575286865,3.765936136245728,0.2091622334396771,19.479122161865234,21.377098083496094,0.4995472295887773,49.74000930786133,0.00015,A,holdout_F01,F01
12,0.0040258249408519,2.219768762588501,2.9680895805358887,0.2025971996459142,19.076454162597656,21.05950927734375,0.5143066300403425,50.30128479003906,0.00015,A,holdout_F01,F01
13,0.0041788015373301,2.3052961826324463,3.0242505073547363,0.2692518682239236,21.811189651489254,24.388500213623047,0.348617908752312,54.36257553100586,0.00015,A,holdout_F01,F01
1,0.0525224907410429,7.917407512664795,10.773870468139648,0.0391227796279889,7.52053689956665,9.250279426574709,0.8423804133440993,27.35990524291992,0.0003,A,holdout_F02,F02
2,0.0151355691184861,4.455860614776611,5.754611968994141,0.0540117394371869,8.69530963897705,10.871517181396484,0.7822887763150832,28.789011001586918,0.0003,A,holdout_F02,F02
3,0.0111607176533246,3.811328411102295,4.941629886627197,0.0395621141009099,7.0854573249816895,9.301621437072754,0.8406258678347479,21.923940658569336,0.0003,A,holdout_F02,F02
4,0.0093706450119521,3.504974126815796,4.527693271636963,0.0517402320893361,8.710247993469238,10.637539863586426,0.791559123223394,31.491153717041016,0.0003,A,holdout_F02,F02
5,0.007369046491982,3.1192727088928223,4.01542329788208,0.0552432850094486,9.50802230834961,10.994197845458984,0.7773474905622364,33.631103515625,0.0003,A,holdout_F02,F02
6,0.0072633490918747,3.1007721424102783,3.98604416847229,0.0346575736634927,7.041891574859619,8.707605361938477,0.8603316480322856,29.248762130737305,0.0003,A,holdout_F02,F02
7,0.0072141785092324,3.0401647090911865,3.972721576690674,0.057641028137909,9.159260749816896,11.22828483581543,0.7677651850175065,33.42153549194336,0.0003,A,holdout_F02,F02
8,0.0066841306047788,2.9242162704467773,3.824491500854492,0.0576574785522884,8.528600692749023,11.226719856262209,0.7678299201417007,28.46725845336914,0.0003,A,holdout_F02,F02
9,0.0063491267916486,2.8549070358276367,3.72702956199646,0.1032741894398625,11.032118797302246,15.027745246887209,0.584004993671856,32.015316009521484,0.00015,A,holdout_F02,F02
10,0.0042765309941494,2.3434295654296875,3.0583138465881348,0.0501887330439687,9.07104778289795,10.47812271118164,0.7977598146518898,33.21038055419922,0.00015,A,holdout_F02,F02
11,0.0041344176433086,2.2551374435424805,3.0079190731048584,0.0543929958361381,8.618048667907715,10.90658187866211,0.7808821304414454,30.56944274902344,0.00015,A,holdout_F02,F02
1,0.0551858831477416,8.774559020996094,11.71679973602295,0.2647218484151479,22.74158096313477,25.699275970458984,-0.2165845213675015,56.46526336669922,0.0003,A,holdout_F03,F03
2,0.0150913405641001,4.806581974029541,6.100987911224365,0.3152015359845717,25.655353546142575,27.919767379760746,-0.4358996349357111,64.70793151855469,0.0003,A,holdout_F03,F03
3,0.0104707526220341,4.006728172302246,5.079354286193848,0.2954873077168658,25.453283309936523,27.00643920898437,-0.3434922020307625,64.60011291503906,0.0003,A,holdout_F03,F03
4,0.0094230788613981,3.7210562229156494,4.821794033050537,0.2648768867366016,24.095439910888672,25.56513786315918,-0.2039175373212698,62.92146301269531,0.00015,A,holdout_F03,F03
5,0.005379096482523,2.8060457706451416,3.6429195404052734,0.2295122538076562,22.362648010253903,23.79682922363281,-0.0431305604627518,60.09733581542969,0.00015,A,holdout_F03,F03
6,0.0055672424634158,2.826369047164917,3.705265760421753,0.1689077095959235,18.496490478515625,20.415203094482425,0.2322710841545918,52.74782180786133,0.00015,A,holdout_F03,F03
7,0.0050110077486204,2.6868247985839844,3.517297983169556,0.1257097541788794,16.408782958984375,17.611854553222656,0.4286389453508172,48.74945831298828,0.00015,A,holdout_F03,F03
8,0.0052648690661014,2.765723466873169,3.6053812503814697,0.2286368013120482,22.138540267944336,23.75138282775879,-0.039150091752254,59.787899017333984,0.00015,A,holdout_F03,F03
9,0.0043801933871881,2.538065195083618,3.286820650100708,0.1783566972794565,19.510366439819336,20.9777946472168,0.1893747175282977,56.10758590698242,0.00015,A,holdout_F03,F03
10,0.0045774235624245,2.5675652027130127,3.3593692779541016,0.1769642229129031,19.682537078857425,20.897035598754883,0.1956041179998553,54.60128784179688,7.5e-05,A,holdout_F03,F03
11,0.0037724501711218,2.2928614616394043,3.0510365962982178,0.1753529409431173,19.14405632019043,20.800498962402344,0.2030189758752636,53.641380310058594,7.5e-05,A,holdout_F03,F03
12,0.0035271707562264,2.2295022010803223,2.950340986251831,0.1506310380724686,17.956344604492188,19.278074264526367,0.3154143203526647,52.2443962097168,7.5e-05,A,holdout_F03,F03
1,0.0600236406518645,8.756112098693848,11.573180198669434,0.284165436184313,22.776683807373047,25.11941146850586,0.3089075463484814,69.31011962890625,0.0003,A,holdout_F04,F04
2,0.0201428189351201,5.13597583770752,6.6789140701293945,0.1970874008293893,18.96892738342285,20.901506423950195,0.5215104916360822,56.22868347167969,0.0003,A,holdout_F04,F04
3,0.0127480075977409,4.169661998748779,5.3129658699035645,0.142895415786889,16.10728645324707,17.79106330871582,0.6533262152200228,45.82513427734375,0.0003,A,holdout_F04,F04
4,0.0111580761851684,3.87373685836792,4.97049617767334,0.1492742935873029,16.589101791381836,18.188966751098636,0.6376457984111552,48.4398193359375,0.0003,A,holdout_F04,F04
5,0.0091121350102471,3.5326318740844727,4.49124002456665,0.1532381842044213,16.84558868408203,18.427831649780277,0.6280661313457881,48.52863693237305,0.0003,A,holdout_F04,F04
6,0.0087603259834187,3.397495985031128,4.40351676940918,0.1612008540047023,16.923616409301758,18.89297103881836,0.6090531025248758,44.23750686645508,0.00015,A,holdout_F04,F04
7,0.005720116621409,2.728151321411133,3.5588696002960205,0.2225353261699695,20.35709381103516,22.211204528808597,0.4596670151258561,62.01408386230469,0.00015,A,holdout_F04,F04
8,0.0052697217868268,2.6334891319274902,3.4141733646392822,0.1977890199953135,18.71529197692871,20.93632698059082,0.5199149271519329,50.74005126953125,0.00015,A,holdout_F04,F04
1,0.0610233113579218,8.78873348236084,11.597926139831545,0.1852435280700366,15.481748580932615,20.092653274536133,0.264231199282688,50.02688217163086,0.0003,A,holdout_F05,F05
2,0.0229922770749353,5.5463480949401855,7.095715522766113,0.133411197053973,12.82486343383789,16.98895263671875,0.4739826827264332,44.94440460205078,0.0003,A,holdout_F05,F05
3,0.0149090611406839,4.471836090087891,5.713249683380127,0.1697721691135515,14.30595874786377,19.19560432434082,0.3284623196010405,47.839969635009766,0.0003,A,holdout_F05,F05
4,0.0115858382227136,3.9092071056365967,5.0360636711120605,0.2086337508371547,16.19504737854004,21.432891845703125,0.1628017572723191,50.72869110107422,0.0003,A,holdout_F05,F05
5,0.0096045366872075,3.574678421020508,4.58361291885376,0.2646260429511287,18.909637451171875,24.355810165405277,-0.081115027742145,54.98042678833008,0.00015,A,holdout_F05,F05
6,0.0064432305766835,2.893470048904419,3.752331256866455,0.1994328575242779,15.768390655517578,20.897802352905277,0.2040826338080273,50.22414779663086,0.00015,A,holdout_F05,F05
7,0.0061376964530038,2.8030004501342773,3.665400266647339,0.1939617812054699,16.230329513549805,20.540977478027344,0.2310307431846869,51.29795837402344,0.00015,A,holdout_F05,F05
1,0.0625638157918163,9.37917709350586,12.430418968200684,0.1363180491537334,15.71228313446045,18.238983154296875,0.3872239750701463,50.49411010742188,0.0003,A,holdout_F06,F06
2,0.0192026684922371,5.320414066314697,6.835517406463623,0.1258596036602063,16.303314208984375,17.52701187133789,0.4341305161229597,49.900333404541016,0.0003,A,holdout_F06,F06
3,0.0118559210867531,4.257319927215576,5.378798484802246,0.1588297220390617,18.0148868560791,19.688854217529297,0.2859290392189351,54.140872955322266,0.0003,A,holdout_F06,F06
4,0.0095930743682882,3.811123609542847,4.836665153503418,0.0925295176514466,13.674144744873049,15.026775360107422,0.584058668157106,46.20568084716797,0.0003,A,holdout_F06,F06
5,0.0078736973222812,3.4339585304260254,4.384661674499512,0.1123123768767392,15.06883430480957,16.554563522338867,0.4951806729846981,49.09264755249024,0.0003,A,holdout_F06,F06
6,0.0086839101897775,3.5911784172058105,4.603703022003174,0.1094457033548777,13.130254745483398,16.3413143157959,0.5081026108358673,45.708126068115234,0.0003,A,holdout_F06,F06
7,0.0078530424127107,3.3991284370422363,4.376806259155273,0.1218448934346638,16.059913635253906,17.244524002075195,0.4522241170352703,50.07377243041992,0.0003,A,holdout_F06,F06
8,0.0072435478355639,3.284114122390747,4.205733299255371,0.0712921089324408,11.99485206604004,13.190041542053224,0.6795259599759476,42.68742370605469,0.0003,A,holdout_F06,F06
9,0.0063935740504521,3.109032392501831,3.952054262161255,0.0689402533778382,11.394979476928713,12.96910572052002,0.6901720558961422,42.09177017211914,0.0003,A,holdout_F06,F06
10,0.0061643170535298,3.0178117752075195,3.8804640769958496,0.11648000669204,14.9315185546875,16.85938262939453,0.4764190580983518,48.88197326660156,0.0003,A,holdout_F06,F06
11,0.0060598072139066,2.997091293334961,3.846955537796021,0.1380881202398135,15.744688034057615,18.35631561279297,0.3793146215520949,50.4874153137207,0.0003,A,holdout_F06,F06
12,0.0063431807222482,3.0445456504821777,3.913997888565064,0.0709612434467409,11.178717613220217,13.15784740447998,0.6810885243950535,42.00661087036133,0.0003,A,holdout_F06,F06
13,0.0056772844635818,2.8744101524353027,3.722773790359497,0.1452414721543145,16.32233428955078,18.83158302307129,0.3467578860654035,51.06924057006836,0.0003,A,holdout_F06,F06
14,0.0059944802331867,2.96120834350586,3.8246665000915527,0.1414302889259832,17.10700035095215,18.57830810546875,0.3642112339919737,52.19265365600586,0.0003,A,holdout_F06,F06
15,0.0049246612968925,2.664499044418335,3.462714195251465,0.1030624560646813,14.884449005126951,15.859355926513672,0.5366901084146813,47.93644714355469,0.00015,A,holdout_F06,F06
16,0.0040692859228572,2.413606643676758,3.152569532394409,0.1072446100024044,14.139297485351562,16.177261352539062,0.5179295145103915,47.59943008422852,0.00015,A,holdout_F06,F06
17,0.0037996275838158,2.3032102584838867,3.047572374343872,0.0840502162127695,12.682232856750488,14.321196556091309,0.6222024605473087,44.54718780517578,0.00015,A,holdout_F06,F06
1,0.0608486102666283,8.520718574523926,11.594766616821287,0.2904808843730745,22.17036819458008,25.31905174255371,0.2979621680475438,58.183555603027344,0.0003,B,holdout_F01,F01
2,0.0145778164561161,4.402057647705078,5.64769983291626,0.1767672153203957,17.621749877929688,19.703933715820312,0.5748212671976216,45.0897102355957,0.0003,B,holdout_F01,F01
3,0.0108703981912764,3.77198338508606,4.87699556350708,0.2348026797360478,20.51695251464844,22.67716789245605,0.4368251332314214,51.31173706054688,0.0003,B,holdout_F01,F01
4,0.0083955160559905,3.317960023880005,4.285754203796387,0.2377769482991425,20.546297073364254,22.83728790283203,0.4288440045156513,52.84497833251953,0.0003,B,holdout_F01,F01
5,0.0073963341753979,3.105334520339966,4.0229315757751465,0.2494885924097616,20.713380813598636,23.5284481048584,0.3937493489748289,51.21502685546875,0.00015,B,holdout_F01,F01
6,0.0049049992601091,2.518173933029175,3.2766458988189697,0.2440295870190498,20.795988082885746,23.209449768066406,0.4100769722895534,52.43784332275391,0.00015,B,holdout_F01,F01
7,0.004512550979265,2.3695662021636963,3.1422159671783447,0.2201068350036691,19.238256454467773,22.02259063720703,0.4688679763181675,48.472782135009766,0.00015,B,holdout_F01,F01
1,0.0578030295026704,8.331413269042969,11.32735538482666,0.0880403893750898,11.373064041137695,13.879283905029297,0.6451583183394826,38.804962158203125,0.0003,B,holdout_F02,F02
2,0.016221031770337,4.620998382568359,5.957968235015869,0.0575959714399662,9.12597370147705,11.226365089416504,0.7678445785269388,32.74699020385742,0.0003,B,holdout_F02,F02
3,0.0097313310903994,3.609796762466431,4.614629745483398,0.0841643716785993,11.26637077331543,13.570816040039062,0.6607558125967016,39.00253677368164,0.0003,B,holdout_F02,F02
4,0.0076781013527484,3.203122854232788,4.0985426902771,0.0791129317696834,10.920552253723145,13.15930461883545,0.6810178578512937,40.26608276367188,0.0003,B,holdout_F02,F02
5,0.007316055153971,3.088775396347046,4.000970363616943,0.0793034216909979,11.346259117126465,13.17230987548828,0.6803870367950264,39.63407516479492,0.00015,B,holdout_F02,F02
6,0.005013818922561,2.5050816535949707,3.31249737739563,0.0918869245769127,12.244162559509276,14.179088592529297,0.6296629709060952,42.06759262084961,0.00015,B,holdout_F02,F02
7,0.0044624983617424,2.3784728050231934,3.124733686447144,0.0707660007360942,10.363125801086426,12.444458961486816,0.7147323626808305,37.468997955322266,0.00015,B,holdout_F02,F02
1,0.0535831267457485,8.299253463745117,11.55782985687256,0.1878396798227284,19.95454978942871,21.52821922302246,0.1462774605278614,57.03889846801758,0.0003,B,holdout_F03,F03
2,0.0111367695057073,4.084517002105713,5.242929935455322,0.199263094537388,20.22652053833008,22.17588806152344,0.0941368792720805,57.52286148071289,0.0003,B,holdout_F03,F03
3,0.0081236041744439,3.46407413482666,4.4789018630981445,0.1746169702713126,18.631202697753903,20.759523391723636,0.2061558216980273,54.85636138916016,0.0003,B,holdout_F03,F03
4,0.0072036211713673,3.2693142890930176,4.216834545135498,0.1743222059606499,19.24960327148437,20.740163803100582,0.2076358567342421,54.80281066894531,0.0003,B,holdout_F03,F03
5,0.0069076093260588,3.1787333488464355,4.128203868865967,0.1935670394930246,19.963550567626957,21.85406875610352,0.120238236925401,56.80029296875,0.0003,B,holdout_F03,F03
6,0.0065683854835399,3.120337724685669,4.02655029296875,0.126503281509252,16.631229400634766,17.666444778442383,0.4250913244140341,50.37162399291992,0.0003,B,holdout_F03,F03
7,0.0062816841413636,3.056757688522339,3.938597440719605,0.0913411876016825,13.73387336730957,15.012673377990724,0.5848389901573441,44.04789733886719,0.0003,B,holdout_F03,F03
8,0.0058962161418196,2.957509994506836,3.81453013420105,0.1459997930765353,17.43987464904785,18.9791259765625,0.3364816530496831,52.06649398803711,0.0003,B,holdout_F03,F03
9,0.0055252349570684,2.842742681503296,3.693336725234986,0.0886799838900097,13.135912895202637,14.793180465698242,0.5968899816962226,39.25301361083984,0.0003,B,holdout_F03,F03
10,0.0050328162092858,2.696470022201538,3.524186611175537,0.147800793072108,17.806034088134766,19.09604263305664,0.3282816113547206,51.69807815551758,0.0003,B,holdout_F03,F03
11,0.0052643090607019,2.7957868576049805,3.605095148086548,0.1215220686627199,15.72059726715088,17.31613540649414,0.4476651404443469,47.87369537353516,0.0003,B,holdout_F03,F03
12,0.0045988648907467,2.556127548217773,3.368843078613281,0.1612049681685134,18.201330184936523,19.969465255737305,0.2654296642544264,52.766544342041016,0.00015,B,holdout_F03,F03
13,0.0034212704433611,2.1819517612457275,2.9063007831573486,0.1349328091223346,16.91506576538086,18.24578285217285,0.3867670612908169,50.64791488647461,0.00015,B,holdout_F03,F03
14,0.0036860020591335,2.245418071746826,3.015787363052368,0.1178742942864954,15.63876247406006,17.054180145263672,0.4642500215864777,47.71908950805664,0.00015,B,holdout_F03,F03
1,0.0733161891073604,9.518610954284668,12.838537216186523,0.1401971049919799,15.12160587310791,17.63782501220703,0.6592724057285112,49.60045623779297,0.0003,B,holdout_F04,F04
2,0.0200311593733146,5.111862659454346,6.659119129180908,0.1818215525863373,17.959720611572266,20.077077865600582,0.5585127036880332,48.12081527709961,0.0003,B,holdout_F04,F04
3,0.0112247985871563,3.862551927566528,4.98549747467041,0.2299489827078224,20.379793167114254,22.60824966430664,0.4401764922468727,63.36113739013672,0.0003,B,holdout_F04,F04
4,0.0096950314196072,3.5912461280822754,4.631722927093506,0.1662837615886067,17.182361602783203,19.19696617126465,0.5963709464704242,49.97724914550781,0.00015,B,holdout_F04,F04
5,0.0058074964009929,2.753777503967285,3.586021900177002,0.1562497270970007,16.60004425048828,18.608901977539062,0.6207211023798938,45.609405517578125,0.00015,B,holdout_F04,F04
6,0.0052122592648507,2.614994764328003,3.398080587387085,0.142802193947304,15.711801528930664,17.789836883544922,0.6533739892978888,41.59387969970703,0.00015,B,holdout_F04,F04
1,0.0580929369632524,8.485130310058594,11.362621307373049,0.4605946861376087,26.72991752624512,33.88628387451172,-1.092737097326307,64.01290893554688,0.0003,B,holdout_F05,F05
2,0.0147961753957791,4.416077613830566,5.686611652374268,0.3493693005176377,22.39336585998535,28.49232482910156,-0.4795258310107948,59.61813354492188,0.0003,B,holdout_F05,F05
3,0.0109081978606153,3.8230700492858887,4.886041164398193,0.331169645217446,21.147085189819336,27.627565383911133,-0.3910797543735385,57.89626693725586,0.0003,B,holdout_F05,F05
4,0.0085653081260603,3.3509538173675537,4.327609539031982,0.2711767472306872,18.530681610107425,24.69121742248535,-0.111096601414488,54.25844955444336,0.0003,B,holdout_F05,F05
5,0.0078318867444735,3.213478803634644,4.138978004455566,0.2485956785844133,17.898828506469727,23.52034568786621,-0.0082174235595622,53.4991340637207,0.0003,B,holdout_F05,F05
6,0.0063739790946353,2.8888301849365234,3.7331383228302,0.420437654839093,24.99840545654297,31.917377471923828,-0.8566120193983786,62.37755584716797,0.0003,B,holdout_F05,F05
7,0.0070238800253263,2.995599269866944,3.921058177947998,0.2400564350456738,17.43155860900879,22.98487663269043,0.0371666372524517,53.07295227050781,0.0003,B,holdout_F05,F05
8,0.0059049302388228,2.7501935958862305,3.595908164978028,0.3138606489886146,20.91678810119629,26.77818489074707,-0.3068600463757542,57.706939697265625,0.0003,B,holdout_F05,F05
9,0.0054376483077848,2.675980567932129,3.4467098712921143,0.2830267223196329,19.607746124267575,25.228181838989254,-0.1599483810139732,55.96900177001953,0.0003,B,holdout_F05,F05
10,0.005375277867913,2.643577337265014,3.4311439990997314,0.4295530700389243,25.30539894104004,32.176029205322266,-0.8868253533950123,62.93135833740234,0.00015,B,holdout_F05,F05
11,0.0039392093059264,2.2137796878814697,2.9355900287628174,0.3555223018430767,22.4113826751709,28.80325698852539,-0.5119937941928838,59.50005722045898,0.00015,B,holdout_F05,F05
12,0.0039523770041931,2.2101292610168457,2.9406917095184326,0.3135267914659725,20.82755279541016,26.773679733276367,-0.3064203137332009,57.55008316040039,0.00015,B,holdout_F05,F05
1,0.0739777593829881,10.168761253356934,13.584245681762695,0.0197318787668336,6.044551372528076,6.937333583831787,0.91134858991682,26.40045547485352,0.0003,B,holdout_F06,F06
2,0.0186211108549257,5.329891204833984,6.74292516708374,0.0190200945996636,5.261997699737549,6.81220817565918,0.914517675678924,23.569847106933597,0.0003,B,holdout_F06,F06
3,0.0117766018614865,4.135728359222412,5.351892471313477,0.0371815831376069,7.981013298034668,9.523427963256836,0.8329343845948004,32.652496337890625,0.0003,B,holdout_F06,F06
4,0.0093180765729425,3.738787651062012,4.766134738922119,0.0142851206126431,4.94551944732666,5.903604984283447,0.9357999919488272,23.415010452270508,0.0003,B,holdout_F06,F06
5,0.0078574707319371,3.4204111099243164,4.378037452697754,0.034292169285264,7.227362632751465,9.14612865447998,0.8459097781493504,32.37211227416992,0.0003,B,holdout_F06,F06
6,0.0073982121878562,3.2787632942199707,4.251187324523926,0.0307729816623897,7.011819362640381,8.663630485534668,0.8617388043969516,31.021427154541016,0.0003,B,holdout_F06,F06
7,0.0070972811695742,3.206078052520752,4.161554336547852,0.0188183154410285,5.3926286697387695,6.775331020355225,0.9154406677669936,25.572235107421875,0.00015,B,holdout_F06,F06
8,0.004620624892038,2.6155967712402344,3.3597915172576904,0.0273027809471878,6.746879577636719,8.160845756530762,0.8773208137596488,29.522809982299805,0.00015,B,holdout_F06,F06
9,0.0042673750780138,2.464513063430786,3.2276740074157715,0.0169352621729509,5.20802116394043,6.428470611572266,0.923877012112542,23.813175201416016,0.00015,B,holdout_F06,F06
1,0.0598523772542849,8.61967945098877,11.490336418151855,0.123386217659684,13.816361427307127,16.440105438232422,0.7040115379255594,34.77435302734375,0.0003,C,holdout_F01,F01
2,0.0156241102287012,4.517428874969482,5.846927165985107,0.218226304368298,19.52389335632324,21.875680923461918,0.4759305876962577,52.87992477416992,0.0003,C,holdout_F01,F01
3,0.0105987327182023,3.725874900817871,4.814696788787842,0.161297866879725,17.100627899169922,18.754291534423828,0.6148171745366813,44.5234489440918,0.0003,C,holdout_F01,F01
4,0.0093888845522217,3.5228400230407715,4.531976699829102,0.1872949869398069,17.9271240234375,20.242631912231445,0.5512550357676749,45.745567321777344,0.00015,C,holdout_F01,F01
5,0.0052633573125383,2.585276365280152,3.393547534942627,0.1507161857553374,16.46708869934082,18.15708541870117,0.6389578257096526,43.44353103637695,0.00015,C,holdout_F01,F01
6,0.0051118185310222,2.5200772285461426,3.3445565700531006,0.1834414308592945,17.671714782714844,20.04277229309082,0.560072379922806,45.00992965698242,0.00015,C,holdout_F01,F01
1,0.056900371330799,8.338712692260742,11.18460750579834,0.0244452497946759,5.771101474761963,7.3089776039123535,0.9015957682141256,21.1035213470459,0.0003,C,holdout_F02,F02
2,0.0173720070674739,4.779305934906006,6.16568660736084,0.0437778733970402,7.725643634796143,9.77999496459961,0.8238114115845097,26.218042373657227,0.0003,C,holdout_F02,F02
3,0.0105513060442762,3.7220170497894287,4.805270671844482,0.0327327783145576,6.946701526641846,8.463303565979004,0.8680588291805618,28.167312622070312,0.0003,C,holdout_F02,F02
4,0.0086541664484298,3.3446922302246094,4.351150035858154,0.0230059303327736,5.804676532745361,7.09510612487793,0.9072704229471648,23.204347610473636,0.00015,C,holdout_F02,F02
5,0.0056749935876821,2.69211483001709,3.523740768432617,0.0302073956576768,6.325113773345947,8.127045631408691,0.8783349406507992,24.6605224609375,0.00015,C,holdout_F02,F02
6,0.005056321116813,2.5328845977783203,3.326122283935547,0.0365000148598778,7.7652997970581055,8.938425064086914,0.8528289127727383,31.193017959594727,0.00015,C,holdout_F02,F02
1,0.0564206527030249,8.695467948913574,11.929758071899414,0.2914168157715328,23.080873489379883,27.008190155029297,-0.3436665468714388,61.4492073059082,0.0003,C,holdout_F03,F03
2,0.0140439266937697,4.565033912658691,5.886729717254639,0.4056226656020216,28.31645965576172,32.23970031738281,-0.9146194517890328,67.98274230957031,0.0003,C,holdout_F03,F03
3,0.0092351487635979,3.770745754241944,4.773340225219727,0.6991232875734568,40.71788024902344,44.069183349609375,-2.5774246670820604,80.96753692626953,0.0003,C,holdout_F03,F03
4,0.0078989903362,3.441478967666626,4.415706634521484,0.2391144109141031,22.08864021301269,24.356006622314453,-0.0927295770528351,59.73539352416992,0.0003,C,holdout_F03,F03
5,0.0074261894819098,3.3338446617126465,4.279926776885986,0.3008645626313582,25.10372734069824,27.33809280395508,-0.3766924965403293,64.68244934082031,0.0003,C,holdout_F03,F03
6,0.0071091668436576,3.2660140991210938,4.188777923583984,0.2006241242091385,18.315752029418945,22.289745330810547,0.0848111319326626,48.23715591430664,0.0003,C,holdout_F03,F03
7,0.0058845392146572,2.9353251457214355,3.806352853775024,0.3781040877519125,26.85127258300781,31.189434051513672,-0.7919071322500422,64.53019714355469,0.0003,C,holdout_F03,F03
8,0.0060490754838927,2.9851410388946533,3.864420175552368,0.0949989094562526,14.316871643066406,15.309420585632324,0.5682642215993907,47.08523178100586,0.0003,C,holdout_F03,F03
9,0.0066632429421523,3.13122034072876,4.0509796142578125,0.2248874165753305,21.36505508422852,23.611671447753903,-0.0269610245447975,58.2747688293457,0.0003,C,holdout_F03,F03
10,0.0054205048426274,2.8294684886932373,3.658168315887451,0.1598622312860144,18.13825035095215,19.86263084411621,0.2732683755378144,54.292724609375,0.0003,C,holdout_F03,F03
11,0.0054628779512595,2.7894487380981445,3.6701269149780273,0.1464176426300312,17.74924087524414,19.007156372070312,0.3345202979011721,52.98818206787109,0.00015,C,holdout_F03,F03
12,0.003797918047269,2.26419734954834,3.0590529441833496,0.3025716218155041,24.964580535888672,27.45490455627441,-0.388482408381932,63.81223678588867,0.00015,C,holdout_F03,F03
13,0.0035545849255857,2.238903045654297,2.962414026260376,0.2428693056788541,22.45652961730957,24.504669189453125,-0.1061096927563558,60.23483276367188,0.00015,C,holdout_F03,F03
1,0.0619942726362056,8.911887168884277,11.775343894958496,0.1380164009272529,15.413625717163086,17.476707458496094,0.6654689503483335,40.36094665527344,0.0003,C,holdout_F04,F04
2,0.021001585825405,5.351404190063477,6.819148063659668,0.1471174244503173,16.167699813842773,18.046995162963867,0.6432803135271427,43.53459167480469,0.0003,C,holdout_F04,F04
3,0.0128794756548398,4.189449310302734,5.339493274688721,0.1590677088008296,16.667762756347656,18.77513885498047,0.6139144401703467,44.64889907836914,0.0003,C,holdout_F04,F04
4,0.0101645928127397,3.7085158824920654,4.741710662841797,0.1469792557630157,16.172285079956055,18.046390533447266,0.6433042678535094,44.23729705810547,0.00015,C,holdout_F04,F04
5,0.0067870064558118,3.0228874683380127,3.876012563705444,0.1921977795118341,18.459503173828125,20.638690948486328,0.5334679620305087,51.11015319824219,0.00015,C,holdout_F04,F04
6,0.0055962478141593,2.7338011264801025,3.5181355476379395,0.1694328546159793,17.654708862304688,19.379507064819336,0.5886583711129845,55.10342788696289,0.00015,C,holdout_F04,F04
1,0.0608679827598105,8.754191398620605,11.594599723815918,0.3880925026802538,24.74308204650879,30.25630569458008,-0.6683940115027347,62.7258415222168,0.0003,C,holdout_F05,F05
2,0.0195843191662637,5.106714725494385,6.548371315002441,0.3830511822702803,23.491024017333984,30.13226318359375,-0.6547420649726448,60.83959197998047,0.0003,C,holdout_F05,F05
3,0.0130898815865558,4.163361072540283,5.353896617889404,0.2879384291344242,19.41745376586914,25.65945625305176,-0.1999459883946115,55.27363586425781,0.0003,C,holdout_F05,F05
4,0.0091458216198256,3.418391227722168,4.474535942077637,0.265791089342057,18.9696102142334,24.39830207824707,-0.0848907074375322,55.25802993774414,0.0003,C,holdout_F05,F05
5,0.0078579460998173,3.180990695953369,4.147987842559815,0.2912886753939253,19.940902709960938,25.61582946777344,-0.1958690597598142,56.64239501953125,0.0003,C,holdout_F05,F05
6,0.0080395551200135,3.2206456661224365,4.186148166656494,0.2899660322899606,19.70868492126465,25.61263084411621,-0.1955703771613033,56.15608596801758,0.0003,C,holdout_F05,F05
7,0.0069911383221844,3.017844915390014,3.901121616363525,0.2426436581944942,17.813705444335938,23.228487014770508,0.0166488404679584,53.44375228881836,0.0003,C,holdout_F05,F05
8,0.007249196626849,3.061894416809082,3.983636379241944,0.2442812086067439,17.787246704101562,23.33634376525879,0.0074956895343433,53.35661697387695,0.0003,C,holdout_F05,F05
9,0.0061938153975716,2.810051202774048,3.682486057281494,0.2879641965938359,19.62569046020508,25.57777976989746,-0.1923189219473078,56.00244522094727,0.0003,C,holdout_F05,F05
10,0.0066245519475944,2.927643060684204,3.8062376976013184,0.2951680067127921,19.80405807495117,25.92747688293457,-0.2251443961577532,56.249122619628906,0.0003,C,holdout_F05,F05
11,0.0058995313712744,2.7295403480529785,3.593879222869873,0.3417112437339679,21.785642623901367,28.194896697998047,-0.4487978469584319,58.76589584350586,0.00015,C,holdout_F05,F05
12,0.0040289194442726,2.265632152557373,2.9687259197235107,0.2657946816657605,18.75539970397949,24.444080352783203,-0.0889656619639456,54.95954895019531,0.00015,C,holdout_F05,F05
13,0.0040093615950093,2.24116325378418,2.962608337402344,0.2890488244847864,20.01715660095215,25.629987716674805,-0.1971913175554696,56.56783676147461,0.00015,C,holdout_F05,F05
1,0.0687296002528178,9.772656440734863,13.031758308410645,0.1212149354364924,15.531012535095217,17.19986915588379,0.4550573908599352,49.10010528564453,0.0003,C,holdout_F06,F06
2,0.020497697764322,5.533055305480957,7.0731635093688965,0.0876121730748186,13.061919212341309,14.62224578857422,0.6061519905844062,43.54006576538086,0.0003,C,holdout_F06,F06
3,0.0126048304293597,4.339114189147949,5.548239231109619,0.166366947799118,17.678274154663086,20.1533203125,0.2518412682114028,53.62705612182617,0.0003,C,holdout_F06,F06
4,0.0102895078444894,3.901139736175537,5.011146545410156,0.1000598844757159,13.592145919799805,15.625210762023926,0.5502695587101631,46.34904479980469,0.0003,C,holdout_F06,F06
5,0.0080304870606759,3.492809534072876,4.4274582862854,0.1313029179537942,15.33848762512207,17.904010772705078,0.4095254319823699,49.49473571777344,0.00015,C,holdout_F06,F06
6,0.0056122552226008,2.8709146976470947,3.701502084732056,0.0953956358803348,13.370380401611328,15.25986671447754,0.5710546141776874,45.314823150634766,0.00015,C,holdout_F06,F06
7,0.0046322469454607,2.560885429382324,3.35917067527771,0.0681954323832493,11.213031768798828,12.899794578552246,0.6934748842303584,40.7470703125,0.00015,C,holdout_F06,F06
8,0.0046946177303746,2.59921669960022,3.3862500190734863,0.0331379871845333,7.446393013000488,8.992400169372559,0.851046156556805,30.7503662109375,0.00015,C,holdout_F06,F06
9,0.0051022816453969,2.694765567779541,3.5287985801696777,0.1064240412599394,13.598937034606934,16.116554260253906,0.5215408252802158,46.552391052246094,0.00015,C,holdout_F06,F06
10,0.0047497581773604,2.640315055847168,3.403284311294556,0.0718001193469004,11.692068099975586,13.236376762390137,0.6772704404497144,41.56157302856445,0.00015,C,holdout_F06,F06
11,0.0047116697923098,2.5819993019104004,3.3910558223724365,0.0656265344107826,10.83443832397461,12.65386962890625,0.705050803094762,40.39912033081055,7.5e-05,C,holdout_F06,F06
12,0.003670145958396,2.240455150604248,2.988128185272217,0.0971150483693801,14.11241054534912,15.395831108093262,0.5633768291136632,45.94282913208008,7.5e-05,C,holdout_F06,F06
13,0.0035808795252553,2.228827476501465,2.954562902450561,0.0614525355144783,10.26943016052246,12.245262145996094,0.7237917552490146,39.54575729370117,7.5e-05,C,holdout_F06,F06
1,0.0639920129661009,8.905152320861816,11.906709671020508,0.2809326383440444,21.2611141204834,24.98489189147949,0.316370828512228,53.35906600952149,0.0003,D,holdout_F01,F01
2,0.0139483183719403,4.315954685211182,5.523935317993164,0.1679056666216825,16.593538284301758,19.19250869750977,0.5966062849618112,44.55950927734375,0.0003,D,holdout_F01,F01
3,0.0088140905729388,3.4335148334503174,4.390756130218506,0.1509468638878435,16.14797592163086,18.19750022888184,0.6373487598146443,42.769813537597656,0.0003,D,holdout_F01,F01
4,0.0089065826623612,3.4208903312683105,4.414344787597656,0.1677943874780724,16.330238342285156,19.185245513916016,0.5969115629812307,39.07757568359375,0.0003,D,holdout_F01,F01
5,0.007254673233443,3.088411569595337,3.984707355499268,0.1323228424324136,14.55073356628418,17.03791618347168,0.6820941157177887,34.95429229736328,0.0003,D,holdout_F01,F01
6,0.0068324169208099,2.9625065326690674,3.866096019744873,0.1292328113576588,14.824711799621582,16.836376190185547,0.6895705459673038,42.405799865722656,0.0003,D,holdout_F01,F01
7,0.0069478480898068,2.989729166030884,3.898806095123291,0.1363860753585751,14.990442276000977,17.297643661499023,0.6723278143994099,37.005592346191406,0.0003,D,holdout_F01,F01
8,0.0063871273311493,2.8700313568115234,3.738464593887329,0.1358408549285601,15.157098770141602,17.263484954833984,0.6736207151986577,38.634803771972656,0.00015,D,holdout_F01,F01
9,0.0042636880418008,2.322163820266724,3.054754734039306,0.1528719679953773,15.767237663269045,18.31515312194824,0.6326443111661022,38.95102310180664,0.00015,D,holdout_F01,F01
10,0.0040633019894313,2.2227377891540527,2.981245279312134,0.1459126062992697,15.297834396362305,17.892946243286133,0.6493859293050007,38.64032745361328,0.00015,D,holdout_F01,F01
1,0.0555923268170924,8.2561616897583,11.073358535766602,0.0546268906250097,8.226252555847168,10.933146476745604,0.7798134296284714,28.25007438659668,0.0003,D,holdout_F02,F02
2,0.0150105845647688,4.53058385848999,5.730660915374756,0.0449697063625633,7.671210289001465,9.921317100524902,0.8186827270061228,28.649646759033203,0.0003,D,holdout_F02,F02
3,0.0107460328073461,3.8125486373901367,4.848806858062744,0.0518568488225011,7.999266147613525,10.65390968322754,0.7909170956736031,28.941312789916992,0.0003,D,holdout_F02,F02
4,0.0085491054399667,3.412802696228028,4.324947834014893,0.1473042228763252,13.476649284362791,18.13103485107422,0.3944560285392683,63.348915100097656,0.0003,D,holdout_F02,F02
5,0.0078794736277792,3.208801746368408,4.152393817901611,0.0826724525636441,9.282452583312988,13.448460578918455,0.6668455086902103,30.937110900878903,0.00015,D,holdout_F02,F02
6,0.0052296570011699,2.579423427581787,3.3829917907714844,0.0494371491587682,7.757830619812012,10.402071952819824,0.8006848796252432,28.16920280456543,0.00015,D,holdout_F02,F02
7,0.0047277910114488,2.4740912914276123,3.2162675857543945,0.0664833225596954,9.059089660644531,12.059026718139648,0.73212941073972,32.28807067871094,0.00015,D,holdout_F02,F02
1,0.0638892614938748,9.224409103393556,12.64231014251709,0.1151256584721645,14.771728515625,16.853296279907227,0.4767970645501805,48.64236831665039,0.0003,D,holdout_F03,F03
2,0.0151836988789161,4.770444393157959,6.120783805847168,0.0853664807328715,13.00422477722168,14.512462615966797,0.6120437620135555,43.4272689819336,0.0003,D,holdout_F03,F03
3,0.0108054547992629,4.041728496551514,5.164013385772705,0.077032154219892,12.405142784118652,13.786378860473633,0.6498929038441044,40.36217498779297,0.0003,D,holdout_F03,F03
4,0.0082921079376002,3.5207200050354004,4.524236679077148,0.0639898427380595,11.501997947692873,12.56576919555664,0.7091436041405588,41.04019927978516,0.0003,D,holdout_F03,F03
5,0.0071163022647768,3.225851058959961,4.191002368927002,0.1143455348354945,14.86462116241455,16.79697608947754,0.4802880452919308,48.044429779052734,0.0003,D,holdout_F03,F03
6,0.0062630456783599,3.019890546798706,3.928088426589966,0.0940516806251646,14.094454765319824,15.233583450317385,0.5725309542312219,45.92308807373047,0.0003,D,holdout_F03,F03
7,0.0065075168242943,3.109120607376098,4.005560874938965,0.1411538750351708,17.358049392700195,18.6626033782959,0.3584286833337612,51.83369064331055,0.00015,D,holdout_F03,F03
8,0.0045571716147396,2.543391704559326,3.351684093475342,0.1039483066887368,14.48806381225586,16.016565322875977,0.5274593124065072,43.225955963134766,0.00015,D,holdout_F03,F03
9,0.0040703378902416,2.4207324981689453,3.1701228618621826,0.1144112677020775,15.869457244873049,16.80042839050293,0.4800743683329872,48.766693115234375,0.00015,D,holdout_F03,F03
1,0.0704429249760445,9.413018226623535,12.543045997619627,0.1729796306153254,17.46595001220703,19.575031280517575,0.58031625452665,45.76401519775391,0.0003,D,holdout_F04,F04
2,0.0224235303712803,5.49969482421875,7.045913696289063,0.1613854877566931,17.527603149414062,18.915647506713867,0.6081141288179339,64.8973159790039,0.0003,D,holdout_F04,F04
3,0.0133009927812505,4.184752941131592,5.427063465118408,0.1703520793943478,17.96725082397461,19.43058204650879,0.5864873196382772,56.97083282470703,0.0003,D,holdout_F04,F04
4,0.0107771277187967,3.7970147132873535,4.884421348571777,0.1876854001730286,17.891244888305664,20.4890251159668,0.5402097142957625,47.46394348144531,0.00015,D,holdout_F04,F04
5,0.007000358609962,3.027577638626098,3.936724901199341,0.1828641404000617,17.554929733276367,20.20071029663086,0.5530586983272883,46.78394317626953,0.00015,D,holdout_F04,F04
6,0.006002733722539,2.8098106384277344,3.646171092987061,0.17148497795252,17.8143310546875,19.4984130859375,0.5835952160249599,56.10901641845703,0.00015,D,holdout_F04,F04
1,0.0600180282893864,8.634410858154297,11.497686386108398,0.3090244187008999,20.770681381225582,26.60296630859375,-0.2898135217738231,57.53084945678711,0.0003,D,holdout_F05,F05
2,0.017383188121897,4.710199356079102,6.1682000160217285,0.2550014433093722,18.330402374267575,23.941892623901367,-0.0446811795218631,53.8524284362793,0.0003,D,holdout_F05,F05
3,0.011183080038849,3.8501806259155273,4.947957992553711,0.245480641167097,17.686105728149414,23.524810791015625,-0.0086003018806541,52.37374877929688,0.0003,D,holdout_F05,F05
4,0.0090671505673179,3.4466874599456787,4.454568862915039,0.3318914516334189,21.557884216308597,27.787525177001957,-0.4072347716292197,58.283573150634766,0.0003,D,holdout_F05,F05
5,0.0080887841979122,3.232635974884033,4.206442356109619,0.3402890792816018,21.58387565612793,28.15275382995605,-0.4444700091480182,58.209903717041016,0.0003,D,holdout_F05,F05
6,0.0074460609978476,3.124424457550049,4.030338287353516,0.2801182190475534,19.789270401000977,25.13528251647949,-0.1514214172597876,56.23723220825195,0.00015,D,holdout_F05,F05
7,0.0052681404611886,2.6249048709869385,3.396124124526977,0.2918961314693974,20.25001716613769,25.683786392211918,-0.2022225301831302,57.04427337646485,0.00015,D,holdout_F05,F05
8,0.0046793476898804,2.444420337677002,3.1999154090881348,0.3288254286351479,21.589475631713867,27.55843162536621,-0.3841264511177205,58.54890441894531,0.00015,D,holdout_F05,F05
1,0.0706169333782107,9.878006935119627,13.18381404876709,0.0795378150147813,12.57978630065918,13.932121276855469,0.6424514761261335,43.20354461669922,0.0003,D,holdout_F06,F06
2,0.0205412590272807,5.560572147369385,7.0826520919799805,0.0343953230611913,8.024697303771973,9.16136646270752,0.8453959081567326,31.41935157775879,0.0003,D,holdout_F06,F06
3,0.0116995557675336,4.198046684265137,5.342463970184326,0.0837240003981876,12.738720893859863,14.293395042419434,0.6236678615073818,44.17195510864258,0.0003,D,holdout_F06,F06
4,0.0096309627120061,3.8067123889923096,4.837077617645264,0.0732333980443375,11.740394592285156,13.36824893951416,0.6708077941964657,42.13631820678711,0.0003,D,holdout_F06,F06
5,0.0078276529755363,3.444206476211548,4.371579170227051,0.1340899366456338,16.385656356811523,18.09095764160156,0.3971300777813301,50.75289535522461,0.00015,D,holdout_F06,F06
6,0.0059561846373074,2.950498342514038,3.808016777038574,0.0627609842957443,10.482540130615234,12.374279975891112,0.7179407258657344,39.75434494018555,0.00015,D,holdout_F06,F06
7,0.0053029361346238,2.7567849159240723,3.593123435974121,0.0693517849506099,11.541218757629396,13.00891399383545,0.6882671464698913,41.54891204833984,0.00015,D,holdout_F06,F06
